From,To,Distance,Duration
cheng-du-DC,bo-zhou-shi,1461,1047
cheng-du-DC,chu-zhou-shi,1657,1122
cheng-du-DC,fu-yang-shi,1442,1019
cheng-du-DC,he-fei-shi,1515,1023
cheng-du-DC,lu-an-shi,1437,984
cheng-du-DC,wu-hu-shi,1647,1117
cheng-du-DC,su-zhou-shi,1583,1084
cheng-du-DC,bei-jing-shi,1873,1301
cheng-du-DC,fu-zhou-shi,2042,1372
cheng-du-DC,ning-de-shi,2072,1380
cheng-du-DC,quan-zhou-shi,2032,1352
cheng-du-DC,gang-kou-CDC-suo-zai-cheng-shi,2030,1356
cheng-du-DC,zhang-zhou-shi,1979,1329
cheng-du-DC,lan-zhou-shi,970,819
cheng-du-DC,dong-guan-shi,1650,1108
cheng-du-DC,fo-shan-shi,1571,1075
cheng-du-DC,guang-zhou-shi,1573,1076
cheng-du-DC,hui-zhou-shi,1704,1147
cheng-du-DC,jiang-men-shi,1608,1091
cheng-du-DC,jie-yang-shi,1924,1261
cheng-du-DC,shan-tou-shi,1975,1290
cheng-du-DC,shen-zhen-shi,1710,1145
cheng-du-DC,zhan-jiang-shi,1536,1035
cheng-du-DC,zhong-shan-shi,1650,1112
cheng-du-DC,zhu-hai-shi,1686,1130
cheng-du-DC,nan-ning-shi,1228,856
cheng-du-DC,gui-yang-shi,637,454
cheng-du-DC,bao-ding-shi,1712,1209
cheng-du-DC,cang-zhou-shi,1768,1246
cheng-du-DC,cheng-de-shi,2098,1427
cheng-du-DC,han-dan-shi,1437,1057
cheng-du-DC,nei-lu-CDC-suo-zai-cheng-shi,1855,1289
cheng-du-DC,shi-jia-zhuang-shi,1567,1135
cheng-du-DC,tang-shan-shi,1982,1373
cheng-du-DC,xing-tai-shi,1497,1098
cheng-du-DC,zhang-jia-kou-shi,1885,1308
cheng-du-DC,luo-yang-shi,1127,910
cheng-du-DC,nan-yang-shi,1106,851
cheng-du-DC,shang-qiu-shi,1463,1039
cheng-du-DC,xin-xiang-shi,1308,1001
cheng-du-DC,xin-yang-shi,1284,939
cheng-du-DC,zheng-zhou-shi,1244,971
cheng-du-DC,zhou-kou-shi,1335,962
cheng-du-DC,da-qing-shi,3101,1944
cheng-du-DC,ha-er-bin-shi,3185,2014
cheng-du-DC,wu-han-shi,1156,822
cheng-du-DC,xiang-yang-shi,1034,815
cheng-du-DC,heng-yang-shi,1247,899
cheng-du-DC,chang-sha-shi,1187,875
cheng-du-DC,ji-lin-shi,2917,1846
cheng-du-DC,chang-chun-shi,2823,1785
cheng-du-DC,chang-zhou-shi,1798,1189
cheng-du-DC,huai-an-shi,1798,1200
cheng-du-DC,lian-yun-gang-shi,1814,1214
cheng-du-DC,nan-jing-shi,1665,1135
cheng-du-DC,nan-tong-shi,1906,1257
cheng-du-DC,su-zhou-shi,1882,1249
cheng-du-DC,tai-zhou-shi,1808,1197
cheng-du-DC,wu-xi-shi,1839,1222
cheng-du-DC,su-qian-shi,1722,1175
cheng-du-DC,xu-zhou-shi,1621,1119
cheng-du-DC,yan-cheng-shi,1924,1264
cheng-du-DC,yang-zhou-shi,1753,1173
cheng-du-DC,zhen-jiang-shi,1761,1189
cheng-du-DC,gan-zhou-shi,1650,1137
cheng-du-DC,jiu-jiang-shi,1376,1011
cheng-du-DC,nan-chang-shi,1465,1078
cheng-du-DC,shang-rao-shi,1696,1210
cheng-du-DC,an-shan-shi,2506,1639
cheng-du-DC,da-lian-shi,2676,1733
cheng-du-DC,shen-yang-shi,2530,1639
cheng-du-DC,bao-tou-shi,1609,1163
cheng-du-DC,hu-he-hao-te-shi,1741,1240
cheng-du-DC,de-zhou-shi,1688,1188
cheng-du-DC,dong-ying-shi,1874,1311
cheng-du-DC,he-ze-shi,1429,1069
cheng-du-DC,ji-nan-shi,1682,1206
cheng-du-DC,ji-ning-shi,1555,1149
cheng-du-DC,liao-cheng-shi,1555,1142
cheng-du-DC,lin-yi-shi,1743,1262
cheng-du-DC,qing-dao-shi,2049,1359
cheng-du-DC,ri-zhao-shi,1910,1260
cheng-du-DC,tai-an-shi,1650,1190
cheng-du-DC,wei-hai-shi,2173,1489
cheng-du-DC,wei-fang-shi,1858,1307
cheng-du-DC,yan-tai-shi,2105,1455
cheng-du-DC,zi-bo-shi,1769,1253
cheng-du-DC,lin-fen-shi,1128,875
cheng-du-DC,tai-yuan-shi,1398,1030
cheng-du-DC,yun-cheng-shi,1005,795
cheng-du-DC,xi-an-shi,785,636
cheng-du-DC,xian-yang-shi,772,619
cheng-du-DC,shang-hai-shi,1966,1287
cheng-du-DC,cheng-du-shi,0,0
cheng-du-DC,mian-yang-shi,147,138
cheng-du-DC,tian-jin-shi,1867,1285
cheng-du-DC,kun-ming-shi,860,702
cheng-du-DC,hang-zhou-shi,1887,1251
cheng-du-DC,hu-zhou-shi,1824,1209
cheng-du-DC,jia-xing-shi,1907,1255
cheng-du-DC,jin-hua-shi,1790,1258
cheng-du-DC,ning-bo-shi,2056,1336
cheng-du-DC,shao-xing-shi,1954,1301
cheng-du-DC,tai-zhou-shi,2013,1413
cheng-du-DC,wen-zhou-shi,1987,1375
cheng-du-DC,chong-qing-shi,317,248
dong-guan-DC,bo-zhou-shi,1468,990
dong-guan-DC,chu-zhou-shi,1372,947
dong-guan-DC,fu-yang-shi,1360,932
dong-guan-DC,he-fei-shi,1228,844
dong-guan-DC,lu-an-shi,1224,854
dong-guan-DC,wu-hu-shi,1256,896
dong-guan-DC,su-zhou-shi,1461,972
dong-guan-DC,bei-jing-shi,2160,1347
dong-guan-DC,fu-zhou-shi,831,585
dong-guan-DC,ning-de-shi,923,655
dong-guan-DC,quan-zhou-shi,664,474
dong-guan-DC,gang-kou-CDC-suo-zai-cheng-shi,597,426
dong-guan-DC,zhang-zhou-shi,545,398
dong-guan-DC,lan-zhou-shi,2331,1537
dong-guan-DC,dong-guan-shi,0,0
dong-guan-DC,fo-shan-shi,92,116
dong-guan-DC,guang-zhou-shi,64,97
dong-guan-DC,hui-zhou-shi,92,114
dong-guan-DC,jiang-men-shi,120,130
dong-guan-DC,jie-yang-shi,325,245
dong-guan-DC,shan-tou-shi,375,285
dong-guan-DC,shen-zhen-shi,78,123
dong-guan-DC,zhan-jiang-shi,459,357
dong-guan-DC,zhong-shan-shi,118,141
dong-guan-DC,zhu-hai-shi,136,170
dong-guan-DC,nan-ning-shi,626,459
dong-guan-DC,gui-yang-shi,1024,734
dong-guan-DC,bao-ding-shi,2030,1298
dong-guan-DC,cang-zhou-shi,2037,1282
dong-guan-DC,cheng-de-shi,2389,1494
dong-guan-DC,han-dan-shi,1739,1145
dong-guan-DC,nei-lu-CDC-suo-zai-cheng-shi,2135,1334
dong-guan-DC,shi-jia-zhuang-shi,1908,1243
dong-guan-DC,tang-shan-shi,2251,1403
dong-guan-DC,xing-tai-shi,1798,1177
dong-guan-DC,zhang-jia-kou-shi,2298,1458
dong-guan-DC,luo-yang-shi,1519,1038
dong-guan-DC,nan-yang-shi,1341,957
dong-guan-DC,shang-qiu-shi,1519,1007
dong-guan-DC,xin-xiang-shi,1581,1073
dong-guan-DC,xin-yang-shi,1218,873
dong-guan-DC,zheng-zhou-shi,1518,1033
dong-guan-DC,zhou-kou-shi,1402,957
dong-guan-DC,da-qing-shi,3381,2001
dong-guan-DC,ha-er-bin-shi,3465,2065
dong-guan-DC,wu-han-shi,1028,759
dong-guan-DC,xiang-yang-shi,1220,878
dong-guan-DC,heng-yang-shi,573,428
dong-guan-DC,chang-sha-shi,722,524
dong-guan-DC,ji-lin-shi,3197,1905
dong-guan-DC,chang-chun-shi,3103,1845
dong-guan-DC,chang-zhou-shi,1439,997
dong-guan-DC,huai-an-shi,1549,1032
dong-guan-DC,lian-yun-gang-shi,1682,1104
dong-guan-DC,nan-jing-shi,1348,954
dong-guan-DC,nan-tong-shi,1514,1040
dong-guan-DC,su-zhou-shi,1411,992
dong-guan-DC,tai-zhou-shi,1500,1023
dong-guan-DC,wu-xi-shi,1438,1003
dong-guan-DC,su-qian-shi,1598,1045
dong-guan-DC,xu-zhou-shi,1545,1024
dong-guan-DC,yan-cheng-shi,1616,1095
dong-guan-DC,yang-zhou-shi,1456,995
dong-guan-DC,zhen-jiang-shi,1433,988
dong-guan-DC,gan-zhou-shi,444,313
dong-guan-DC,jiu-jiang-shi,934,638
dong-guan-DC,nan-chang-shi,798,540
dong-guan-DC,shang-rao-shi,917,660
dong-guan-DC,an-shan-shi,2785,1683
dong-guan-DC,da-lian-shi,2955,1780
dong-guan-DC,shen-yang-shi,2810,1691
dong-guan-DC,bao-tou-shi,2539,1643
dong-guan-DC,hu-he-hao-te-shi,2369,1574
dong-guan-DC,de-zhou-shi,1899,1220
dong-guan-DC,dong-ying-shi,2033,1298
dong-guan-DC,he-ze-shi,1624,1066
dong-guan-DC,ji-nan-shi,1855,1197
dong-guan-DC,ji-ning-shi,1710,1118
dong-guan-DC,liao-cheng-shi,1769,1155
dong-guan-DC,lin-yi-shi,1733,1146
dong-guan-DC,qing-dao-shi,1923,1246
dong-guan-DC,ri-zhao-shi,1784,1160
dong-guan-DC,tai-an-shi,1823,1181
dong-guan-DC,wei-hai-shi,2169,1380
dong-guan-DC,wei-fang-shi,1947,1253
dong-guan-DC,yan-tai-shi,2102,1346
dong-guan-DC,zi-bo-shi,1957,1252
dong-guan-DC,lin-fen-shi,1771,1200
dong-guan-DC,tai-yuan-shi,1908,1295
dong-guan-DC,yun-cheng-shi,1667,1151
dong-guan-DC,xi-an-shi,1716,1161
dong-guan-DC,xian-yang-shi,1739,1174
dong-guan-DC,shang-hai-shi,1424,996
dong-guan-DC,cheng-du-shi,1659,1116
dong-guan-DC,mian-yang-shi,1706,1153
dong-guan-DC,tian-jin-shi,2136,1336
dong-guan-DC,kun-ming-shi,1406,1002
dong-guan-DC,hang-zhou-shi,1244,886
dong-guan-DC,hu-zhou-shi,1332,947
dong-guan-DC,jia-xing-shi,1337,930
dong-guan-DC,jin-hua-shi,1112,796
dong-guan-DC,ning-bo-shi,1351,938
dong-guan-DC,shao-xing-shi,1277,907
dong-guan-DC,tai-zhou-shi,1267,909
dong-guan-DC,wen-zhou-shi,1144,836
dong-guan-DC,chong-qing-shi,1395,986
guang-zhou-DC,bo-zhou-shi,1456,996
guang-zhou-DC,chu-zhou-shi,1361,959
guang-zhou-DC,fu-yang-shi,1349,935
guang-zhou-DC,he-fei-shi,1216,859
guang-zhou-DC,lu-an-shi,1212,867
guang-zhou-DC,wu-hu-shi,1264,902
guang-zhou-DC,su-zhou-shi,1450,983
guang-zhou-DC,bei-jing-shi,2149,1350
guang-zhou-DC,fu-zhou-shi,880,611
guang-zhou-DC,ning-de-shi,973,682
guang-zhou-DC,quan-zhou-shi,714,498
guang-zhou-DC,gang-kou-CDC-suo-zai-cheng-shi,646,452
guang-zhou-DC,zhang-zhou-shi,594,424
guang-zhou-DC,lan-zhou-shi,2320,1528
guang-zhou-DC,dong-guan-shi,63,100
guang-zhou-DC,fo-shan-shi,34,68
guang-zhou-DC,guang-zhou-shi,0,0
guang-zhou-DC,hui-zhou-shi,164,158
guang-zhou-DC,jiang-men-shi,82,103
guang-zhou-DC,jie-yang-shi,375,271
guang-zhou-DC,shan-tou-shi,425,313
guang-zhou-DC,shen-zhen-shi,145,167
guang-zhou-DC,zhan-jiang-shi,419,312
guang-zhou-DC,zhong-shan-shi,87,113
guang-zhou-DC,zhu-hai-shi,134,159
guang-zhou-DC,nan-ning-shi,564,409
guang-zhou-DC,gui-yang-shi,945,707
guang-zhou-DC,bao-ding-shi,2026,1297
guang-zhou-DC,cang-zhou-shi,2026,1291
guang-zhou-DC,cheng-de-shi,2378,1488
guang-zhou-DC,han-dan-shi,1735,1146
guang-zhou-DC,nei-lu-CDC-suo-zai-cheng-shi,2123,1343
guang-zhou-DC,shi-jia-zhuang-shi,1904,1249
guang-zhou-DC,tang-shan-shi,2240,1416
guang-zhou-DC,xing-tai-shi,1794,1184
guang-zhou-DC,zhang-jia-kou-shi,2294,1470
guang-zhou-DC,luo-yang-shi,1508,1048
guang-zhou-DC,nan-yang-shi,1330,943
guang-zhou-DC,shang-qiu-shi,1508,1021
guang-zhou-DC,xin-xiang-shi,1578,1081
guang-zhou-DC,xin-yang-shi,1214,885
guang-zhou-DC,zheng-zhou-shi,1514,1035
guang-zhou-DC,zhou-kou-shi,1407,980
guang-zhou-DC,da-qing-shi,3370,2015
guang-zhou-DC,ha-er-bin-shi,3453,2078
guang-zhou-DC,wu-han-shi,1024,749
guang-zhou-DC,xiang-yang-shi,1209,874
guang-zhou-DC,heng-yang-shi,532,399
guang-zhou-DC,chang-sha-shi,704,506
guang-zhou-DC,ji-lin-shi,3185,1907
guang-zhou-DC,chang-chun-shi,3092,1853
guang-zhou-DC,chang-zhou-shi,1446,999
guang-zhou-DC,huai-an-shi,1538,1040
guang-zhou-DC,lian-yun-gang-shi,1671,1111
guang-zhou-DC,nan-jing-shi,1355,965
guang-zhou-DC,nan-tong-shi,1522,1042
guang-zhou-DC,su-zhou-shi,1419,999
guang-zhou-DC,tai-zhou-shi,1508,1034
guang-zhou-DC,wu-xi-shi,1451,1030
guang-zhou-DC,su-qian-shi,1587,1058
guang-zhou-DC,xu-zhou-shi,1534,1036
guang-zhou-DC,yan-cheng-shi,1622,1102
guang-zhou-DC,yang-zhou-shi,1464,1010
guang-zhou-DC,zhen-jiang-shi,1441,1001
guang-zhou-DC,gan-zhou-shi,432,324
guang-zhou-DC,jiu-jiang-shi,923,646
guang-zhou-DC,nan-chang-shi,787,564
guang-zhou-DC,shang-rao-shi,925,677
guang-zhou-DC,an-shan-shi,2774,1687
guang-zhou-DC,da-lian-shi,2944,1787
guang-zhou-DC,shen-yang-shi,2799,1699
guang-zhou-DC,bao-tou-shi,2528,1631
guang-zhou-DC,hu-he-hao-te-shi,2358,1557
guang-zhou-DC,de-zhou-shi,1887,1225
guang-zhou-DC,dong-ying-shi,2021,1304
guang-zhou-DC,he-ze-shi,1613,1076
guang-zhou-DC,ji-nan-shi,1844,1205
guang-zhou-DC,ji-ning-shi,1699,1132
guang-zhou-DC,liao-cheng-shi,1757,1157
guang-zhou-DC,lin-yi-shi,1722,1155
guang-zhou-DC,qing-dao-shi,1912,1257
guang-zhou-DC,ri-zhao-shi,1773,1160
guang-zhou-DC,tai-an-shi,1812,1175
guang-zhou-DC,wei-hai-shi,2158,1383
guang-zhou-DC,wei-fang-shi,1936,1254
guang-zhou-DC,yan-tai-shi,2089,1349
guang-zhou-DC,zi-bo-shi,1946,1250
guang-zhou-DC,lin-fen-shi,1760,1180
guang-zhou-DC,tai-yuan-shi,1897,1295
guang-zhou-DC,yun-cheng-shi,1657,1147
guang-zhou-DC,xi-an-shi,1706,1139
guang-zhou-DC,xian-yang-shi,1728,1174
guang-zhou-DC,shang-hai-shi,1432,991
guang-zhou-DC,cheng-du-shi,1579,1087
guang-zhou-DC,mian-yang-shi,1627,1120
guang-zhou-DC,tian-jin-shi,2125,1339
guang-zhou-DC,kun-ming-shi,1344,950
guang-zhou-DC,hang-zhou-shi,1252,890
guang-zhou-DC,hu-zhou-shi,1340,958
guang-zhou-DC,jia-xing-shi,1344,939
guang-zhou-DC,jin-hua-shi,1119,817
guang-zhou-DC,ning-bo-shi,1359,945
guang-zhou-DC,shao-xing-shi,1285,916
guang-zhou-DC,tai-zhou-shi,1317,931
guang-zhou-DC,wen-zhou-shi,1194,852
guang-zhou-DC,chong-qing-shi,1315,959
nei-lu-CDC,bo-zhou-shi,735,563
nei-lu-CDC,chu-zhou-shi,951,726
nei-lu-CDC,fu-yang-shi,836,630
nei-lu-CDC,he-fei-shi,1010,756
nei-lu-CDC,lu-an-shi,988,744
nei-lu-CDC,wu-hu-shi,1092,811
nei-lu-CDC,su-zhou-shi,782,605
nei-lu-CDC,bei-jing-shi,57,110
nei-lu-CDC,fu-zhou-shi,1849,1267
nei-lu-CDC,ning-de-shi,1785,1257
nei-lu-CDC,quan-zhou-shi,2017,1357
nei-lu-CDC,gang-kou-CDC-suo-zai-cheng-shi,2018,1371
nei-lu-CDC,zhang-zhou-shi,1999,1339
nei-lu-CDC,lan-zhou-shi,1428,1067
nei-lu-CDC,dong-guan-shi,2131,1386
nei-lu-CDC,fo-shan-shi,2157,1414
nei-lu-CDC,guang-zhou-shi,2122,1391
nei-lu-CDC,hui-zhou-shi,2061,1365
nei-lu-CDC,jiang-men-shi,2206,1437
nei-lu-CDC,jie-yang-shi,2052,1371
nei-lu-CDC,shan-tou-shi,2097,1406
nei-lu-CDC,shen-zhen-shi,2147,1398
nei-lu-CDC,zhan-jiang-shi,2432,1563
nei-lu-CDC,zhong-shan-shi,2198,1445
nei-lu-CDC,zhu-hai-shi,2240,1469
nei-lu-CDC,nan-ning-shi,2301,1479
nei-lu-CDC,gui-yang-shi,2055,1389
nei-lu-CDC,bao-ding-shi,153,152
nei-lu-CDC,cang-zhou-shi,172,147
nei-lu-CDC,cheng-de-shi,299,268
nei-lu-CDC,han-dan-shi,447,323
nei-lu-CDC,nei-lu-CDC-suo-zai-cheng-shi,0,0
nei-lu-CDC,shi-jia-zhuang-shi,286,220
nei-lu-CDC,tang-shan-shi,169,173
nei-lu-CDC,xing-tai-shi,395,280
nei-lu-CDC,zhang-jia-kou-shi,301,285
nei-lu-CDC,luo-yang-shi,788,563
nei-lu-CDC,nan-yang-shi,912,671
nei-lu-CDC,shang-qiu-shi,658,489
nei-lu-CDC,xin-xiang-shi,607,435
nei-lu-CDC,xin-yang-shi,958,695
nei-lu-CDC,zheng-zhou-shi,698,496
nei-lu-CDC,zhou-kou-shi,765,564
nei-lu-CDC,da-qing-shi,1262,935
nei-lu-CDC,ha-er-bin-shi,1346,1003
nei-lu-CDC,wu-han-shi,1132,832
nei-lu-CDC,xiang-yang-shi,1036,776
nei-lu-CDC,heng-yang-shi,1617,1117
nei-lu-CDC,chang-sha-shi,1461,1026
nei-lu-CDC,ji-lin-shi,1078,831
nei-lu-CDC,chang-chun-shi,984,771
nei-lu-CDC,chang-zhou-shi,1031,815
nei-lu-CDC,huai-an-shi,814,654
nei-lu-CDC,lian-yun-gang-shi,685,570
nei-lu-CDC,nan-jing-shi,999,738
nei-lu-CDC,nan-tong-shi,1034,801
nei-lu-CDC,su-zhou-shi,1154,878
nei-lu-CDC,tai-zhou-shi,953,769
nei-lu-CDC,wu-xi-shi,1053,833
nei-lu-CDC,su-qian-shi,722,593
nei-lu-CDC,xu-zhou-shi,685,525
nei-lu-CDC,yan-cheng-shi,870,695
nei-lu-CDC,yang-zhou-shi,944,743
nei-lu-CDC,zhen-jiang-shi,972,786
nei-lu-CDC,gan-zhou-shi,1724,1177
nei-lu-CDC,jiu-jiang-shi,1305,926
nei-lu-CDC,nan-chang-shi,1410,1003
nei-lu-CDC,shang-rao-shi,1507,1075
nei-lu-CDC,an-shan-shi,666,549
nei-lu-CDC,da-lian-shi,837,682
nei-lu-CDC,shen-yang-shi,691,559
nei-lu-CDC,bao-tou-shi,722,604
nei-lu-CDC,hu-he-hao-te-shi,591,485
nei-lu-CDC,de-zhou-shi,276,227
nei-lu-CDC,dong-ying-shi,395,320
nei-lu-CDC,he-ze-shi,579,430
nei-lu-CDC,ji-nan-shi,387,296
nei-lu-CDC,ji-ning-shi,575,444
nei-lu-CDC,liao-cheng-shi,424,325
nei-lu-CDC,lin-yi-shi,591,517
nei-lu-CDC,qing-dao-shi,651,491
nei-lu-CDC,ri-zhao-shi,617,486
nei-lu-CDC,tai-an-shi,458,358
nei-lu-CDC,wei-hai-shi,735,581
nei-lu-CDC,wei-fang-shi,456,392
nei-lu-CDC,yan-tai-shi,668,537
nei-lu-CDC,zi-bo-shi,416,336
nei-lu-CDC,lin-fen-shi,730,567
nei-lu-CDC,tai-yuan-shi,483,373
nei-lu-CDC,yun-cheng-shi,865,661
nei-lu-CDC,xi-an-shi,1071,813
nei-lu-CDC,xian-yang-shi,1093,837
nei-lu-CDC,shang-hai-shi,1154,885
nei-lu-CDC,cheng-du-shi,1841,1279
nei-lu-CDC,mian-yang-shi,1670,1210
nei-lu-CDC,tian-jin-shi,91,115
nei-lu-CDC,kun-ming-shi,2584,1698
nei-lu-CDC,hang-zhou-shi,1276,949
nei-lu-CDC,hu-zhou-shi,1151,878
nei-lu-CDC,jia-xing-shi,1190,898
nei-lu-CDC,jin-hua-shi,1426,1027
nei-lu-CDC,ning-bo-shi,1327,976
nei-lu-CDC,shao-xing-shi,1306,965
nei-lu-CDC,tai-zhou-shi,1474,1072
nei-lu-CDC,wen-zhou-shi,1551,1104
nei-lu-CDC,chong-qing-shi,1752,1247
nan-jing-DC,bo-zhou-shi,424,311
nan-jing-DC,chu-zhou-shi,90,125
nan-jing-DC,fu-yang-shi,349,246
nan-jing-DC,he-fei-shi,177,179
nan-jing-DC,lu-an-shi,260,239
nan-jing-DC,wu-hu-shi,114,135
nan-jing-DC,su-zhou-shi,291,224
nan-jing-DC,bei-jing-shi,1054,782
nan-jing-DC,fu-zhou-shi,895,703
nan-jing-DC,ning-de-shi,823,622
nan-jing-DC,quan-zhou-shi,1063,822
nan-jing-DC,gang-kou-CDC-suo-zai-cheng-shi,1092,856
nan-jing-DC,zhang-zhou-shi,1114,841
nan-jing-DC,lan-zhou-shi,1724,1169
nan-jing-DC,dong-guan-shi,1363,972
nan-jing-DC,fo-shan-shi,1388,991
nan-jing-DC,guang-zhou-shi,1354,973
nan-jing-DC,hui-zhou-shi,1281,952
nan-jing-DC,jiang-men-shi,1445,1023
nan-jing-DC,jie-yang-shi,1167,878
nan-jing-DC,shan-tou-shi,1212,907
nan-jing-DC,shen-zhen-shi,1379,991
nan-jing-DC,zhan-jiang-shi,1769,1187
nan-jing-DC,zhong-shan-shi,1430,1019
nan-jing-DC,zhu-hai-shi,1472,1050
nan-jing-DC,nan-ning-shi,1747,1195
nan-jing-DC,gui-yang-shi,1583,1131
nan-jing-DC,bao-ding-shi,980,718
nan-jing-DC,cang-zhou-shi,874,645
nan-jing-DC,cheng-de-shi,1218,904
nan-jing-DC,han-dan-shi,782,567
nan-jing-DC,nei-lu-CDC-suo-zai-cheng-shi,1027,746
nan-jing-DC,shi-jia-zhuang-shi,910,669
nan-jing-DC,tang-shan-shi,1044,792
nan-jing-DC,xing-tai-shi,835,604
nan-jing-DC,zhang-jia-kou-shi,1259,918
nan-jing-DC,luo-yang-shi,759,529
nan-jing-DC,nan-yang-shi,694,476
nan-jing-DC,shang-qiu-shi,472,345
nan-jing-DC,xin-xiang-shi,711,509
nan-jing-DC,xin-yang-shi,496,388
nan-jing-DC,zheng-zhou-shi,665,462
nan-jing-DC,zhou-kou-shi,479,338
nan-jing-DC,da-qing-shi,2160,1395
nan-jing-DC,ha-er-bin-shi,2244,1458
nan-jing-DC,wu-han-shi,541,428
nan-jing-DC,xiang-yang-shi,801,565
nan-jing-DC,heng-yang-shi,1063,828
nan-jing-DC,chang-sha-shi,907,703
nan-jing-DC,ji-lin-shi,1975,1288
nan-jing-DC,chang-chun-shi,1882,1235
nan-jing-DC,chang-zhou-shi,134,132
nan-jing-DC,huai-an-shi,197,172
nan-jing-DC,lian-yun-gang-shi,330,245
nan-jing-DC,nan-jing-shi,0,0
nan-jing-DC,nan-tong-shi,237,198
nan-jing-DC,su-zhou-shi,220,201
nan-jing-DC,tai-zhou-shi,150,121
nan-jing-DC,wu-xi-shi,178,166
nan-jing-DC,su-qian-shi,252,206
nan-jing-DC,xu-zhou-shi,340,272
nan-jing-DC,yan-cheng-shi,265,194
nan-jing-DC,yang-zhou-shi,101,102
nan-jing-DC,zhen-jiang-shi,85,101
nan-jing-DC,gan-zhou-shi,966,725
nan-jing-DC,jiu-jiang-shi,449,358
nan-jing-DC,nan-chang-shi,584,460
nan-jing-DC,shang-rao-shi,561,439
nan-jing-DC,an-shan-shi,1564,1068
nan-jing-DC,da-lian-shi,1734,1166
nan-jing-DC,shen-yang-shi,1589,1081
nan-jing-DC,bao-tou-shi,1671,1133
nan-jing-DC,hu-he-hao-te-shi,1493,1046
nan-jing-DC,de-zhou-shi,765,566
nan-jing-DC,dong-ying-shi,680,494
nan-jing-DC,he-ze-shi,566,424
nan-jing-DC,ji-nan-shi,684,497
nan-jing-DC,ji-ning-shi,513,386
nan-jing-DC,liao-cheng-shi,655,478
nan-jing-DC,lin-yi-shi,432,353
nan-jing-DC,qing-dao-shi,570,412
nan-jing-DC,ri-zhao-shi,431,314
nan-jing-DC,tai-an-shi,628,474
nan-jing-DC,wei-hai-shi,816,592
nan-jing-DC,wei-fang-shi,594,429
nan-jing-DC,yan-tai-shi,749,550
nan-jing-DC,zi-bo-shi,654,474
nan-jing-DC,lin-fen-shi,1009,747
nan-jing-DC,tai-yuan-shi,1077,812
nan-jing-DC,yun-cheng-shi,936,714
nan-jing-DC,xi-an-shi,1109,790
nan-jing-DC,xian-yang-shi,1132,804
nan-jing-DC,shang-hai-shi,309,267
nan-jing-DC,cheng-du-shi,1672,1156
nan-jing-DC,mian-yang-shi,1630,1145
nan-jing-DC,tian-jin-shi,929,687
nan-jing-DC,kun-ming-shi,2112,1450
nan-jing-DC,hang-zhou-shi,278,247
nan-jing-DC,hu-zhou-shi,202,170
nan-jing-DC,jia-xing-shi,284,230
nan-jing-DC,jin-hua-shi,453,336
nan-jing-DC,ning-bo-shi,434,322
nan-jing-DC,shao-xing-shi,396,305
nan-jing-DC,tai-zhou-shi,547,421
nan-jing-DC,wen-zhou-shi,578,436
nan-jing-DC,chong-qing-shi,1446,1052
qing-dao-DC,bo-zhou-shi,635,501
qing-dao-DC,chu-zhou-shi,592,476
qing-dao-DC,fu-yang-shi,716,549
qing-dao-DC,he-fei-shi,715,546
qing-dao-DC,lu-an-shi,795,582
qing-dao-DC,wu-hu-shi,678,526
qing-dao-DC,su-zhou-shi,529,409
qing-dao-DC,bei-jing-shi,660,554
qing-dao-DC,fu-zhou-shi,1439,1040
qing-dao-DC,ning-de-shi,1355,989
qing-dao-DC,quan-zhou-shi,1606,1144
qing-dao-DC,gang-kou-CDC-suo-zai-cheng-shi,1656,1163
qing-dao-DC,zhang-zhou-shi,1681,1156
qing-dao-DC,lan-zhou-shi,1798,1269
qing-dao-DC,dong-guan-shi,1923,1276
qing-dao-DC,fo-shan-shi,1948,1305
qing-dao-DC,guang-zhou-shi,1914,1277
qing-dao-DC,hui-zhou-shi,1848,1262
qing-dao-DC,jiang-men-shi,2005,1337
qing-dao-DC,jie-yang-shi,1735,1205
qing-dao-DC,shan-tou-shi,1780,1229
qing-dao-DC,shen-zhen-shi,1939,1289
qing-dao-DC,zhan-jiang-shi,2321,1503
qing-dao-DC,zhong-shan-shi,1990,1323
qing-dao-DC,zhu-hai-shi,2032,1362
qing-dao-DC,nan-ning-shi,2294,1487
qing-dao-DC,gui-yang-shi,2104,1417
qing-dao-DC,bao-ding-shi,634,505
qing-dao-DC,cang-zhou-shi,486,404
qing-dao-DC,cheng-de-shi,815,670
qing-dao-DC,han-dan-shi,598,464
qing-dao-DC,nei-lu-CDC-suo-zai-cheng-shi,603,507
qing-dao-DC,shi-jia-zhuang-shi,648,493
qing-dao-DC,tang-shan-shi,641,534
qing-dao-DC,xing-tai-shi,601,463
qing-dao-DC,zhang-jia-kou-shi,856,712
qing-dao-DC,luo-yang-shi,841,667
qing-dao-DC,nan-yang-shi,959,712
qing-dao-DC,shang-qiu-shi,605,477
qing-dao-DC,xin-xiang-shi,688,557
qing-dao-DC,xin-yang-shi,937,702
qing-dao-DC,zheng-zhou-shi,736,580
qing-dao-DC,zhou-kou-shi,741,581
qing-dao-DC,da-qing-shi,1757,1212
qing-dao-DC,ha-er-bin-shi,1841,1278
qing-dao-DC,wu-han-shi,1076,805
qing-dao-DC,xiang-yang-shi,1084,803
qing-dao-DC,heng-yang-shi,1610,1116
qing-dao-DC,chang-sha-shi,1454,1029
qing-dao-DC,ji-lin-shi,1573,1121
qing-dao-DC,chang-chun-shi,1479,1053
qing-dao-DC,chang-zhou-shi,625,476
qing-dao-DC,huai-an-shi,384,318
qing-dao-DC,lian-yun-gang-shi,255,235
qing-dao-DC,nan-jing-shi,573,445
qing-dao-DC,nan-tong-shi,603,456
qing-dao-DC,su-zhou-shi,724,543
qing-dao-DC,tai-zhou-shi,547,434
qing-dao-DC,wu-xi-shi,647,500
qing-dao-DC,su-qian-shi,380,316
qing-dao-DC,xu-zhou-shi,452,364
qing-dao-DC,yan-cheng-shi,440,350
qing-dao-DC,yang-zhou-shi,538,424
qing-dao-DC,zhen-jiang-shi,567,441
qing-dao-DC,gan-zhou-shi,1516,1054
qing-dao-DC,jiu-jiang-shi,1016,781
qing-dao-DC,nan-chang-shi,1135,851
qing-dao-DC,shang-rao-shi,1110,854
qing-dao-DC,an-shan-shi,1162,893
qing-dao-DC,da-lian-shi,399,775
qing-dao-DC,shen-yang-shi,1186,903
qing-dao-DC,bao-tou-shi,1318,987
qing-dao-DC,hu-he-hao-te-shi,1148,912
qing-dao-DC,de-zhou-shi,503,389
qing-dao-DC,dong-ying-shi,274,219
qing-dao-DC,he-ze-shi,534,436
qing-dao-DC,ji-nan-shi,361,297
qing-dao-DC,ji-ning-shi,431,365
qing-dao-DC,liao-cheng-shi,473,378
qing-dao-DC,lin-yi-shi,290,273
qing-dao-DC,qing-dao-shi,0,0
qing-dao-DC,ri-zhao-shi,148,148
qing-dao-DC,tai-an-shi,343,299
qing-dao-DC,wei-hai-shi,275,220
qing-dao-DC,wei-fang-shi,175,155
qing-dao-DC,yan-tai-shi,229,190
qing-dao-DC,zi-bo-shi,282,222
qing-dao-DC,lin-fen-shi,924,774
qing-dao-DC,tai-yuan-shi,863,681
qing-dao-DC,yun-cheng-shi,1020,821
qing-dao-DC,xi-an-shi,1191,913
qing-dao-DC,xian-yang-shi,1214,912
qing-dao-DC,shang-hai-shi,724,577
qing-dao-DC,cheng-du-shi,1951,1360
qing-dao-DC,mian-yang-shi,1781,1302
qing-dao-DC,tian-jin-shi,526,433
qing-dao-DC,kun-ming-shi,2633,1742
qing-dao-DC,hang-zhou-shi,846,642
qing-dao-DC,hu-zhou-shi,745,567
qing-dao-DC,jia-xing-shi,759,568
qing-dao-DC,jin-hua-shi,996,737
qing-dao-DC,ning-bo-shi,897,673
qing-dao-DC,shao-xing-shi,876,665
qing-dao-DC,tai-zhou-shi,1044,810
qing-dao-DC,wen-zhou-shi,1121,850
qing-dao-DC,chong-qing-shi,1867,1274
gang-kou-CDC,bo-zhou-shi,1331,947
gang-kou-CDC,chu-zhou-shi,1221,871
gang-kou-CDC,fu-yang-shi,1223,871
gang-kou-CDC,he-fei-shi,1066,781
gang-kou-CDC,lu-an-shi,1087,800
gang-kou-CDC,wu-hu-shi,1069,792
gang-kou-CDC,su-zhou-shi,1300,916
gang-kou-CDC,bei-jing-shi,2071,1332
gang-kou-CDC,fu-zhou-shi,261,201
gang-kou-CDC,ning-de-shi,354,267
gang-kou-CDC,quan-zhou-shi,95,97
gang-kou-CDC,gang-kou-CDC-suo-zai-cheng-shi,0,0
gang-kou-CDC,zhang-zhou-shi,61,73
gang-kou-CDC,lan-zhou-shi,2435,1585
gang-kou-CDC,dong-guan-shi,598,421
gang-kou-CDC,fo-shan-shi,690,476
gang-kou-CDC,guang-zhou-shi,648,449
gang-kou-CDC,hui-zhou-shi,527,371
gang-kou-CDC,jiang-men-shi,693,478
gang-kou-CDC,jie-yang-shi,272,230
gang-kou-CDC,shan-tou-shi,247,202
gang-kou-CDC,shen-zhen-shi,577,404
gang-kou-CDC,zhan-jiang-shi,1032,699
gang-kou-CDC,zhong-shan-shi,667,465
gang-kou-CDC,zhu-hai-shi,718,497
gang-kou-CDC,nan-ning-shi,1199,824
gang-kou-CDC,gui-yang-shi,1468,1028
gang-kou-CDC,bao-ding-shi,1952,1255
gang-kou-CDC,cang-zhou-shi,1898,1228
gang-kou-CDC,cheng-de-shi,2286,1461
gang-kou-CDC,han-dan-shi,1740,1132
gang-kou-CDC,nei-lu-CDC-suo-zai-cheng-shi,2046,1305
gang-kou-CDC,shi-jia-zhuang-shi,1909,1219
gang-kou-CDC,tang-shan-shi,2112,1370
gang-kou-CDC,xing-tai-shi,1799,1170
gang-kou-CDC,zhang-jia-kou-shi,2260,1440
gang-kou-CDC,luo-yang-shi,1603,1075
gang-kou-CDC,nan-yang-shi,1424,969
gang-kou-CDC,shang-qiu-shi,1399,964
gang-kou-CDC,xin-xiang-shi,1598,1079
gang-kou-CDC,xin-yang-shi,1243,872
gang-kou-CDC,zheng-zhou-shi,1532,1032
gang-kou-CDC,zhou-kou-shi,1348,945
gang-kou-CDC,da-qing-shi,3228,1964
gang-kou-CDC,ha-er-bin-shi,3311,2024
gang-kou-CDC,wu-han-shi,1031,757
gang-kou-CDC,xiang-yang-shi,1341,938
gang-kou-CDC,heng-yang-shi,793,571
gang-kou-CDC,chang-sha-shi,889,649
gang-kou-CDC,ji-lin-shi,3043,1860
gang-kou-CDC,chang-chun-shi,2950,1803
gang-kou-CDC,chang-zhou-shi,1093,837
gang-kou-CDC,huai-an-shi,1351,955
gang-kou-CDC,lian-yun-gang-shi,1456,1000
gang-kou-CDC,nan-jing-shi,1160,852
gang-kou-CDC,nan-tong-shi,1119,838
gang-kou-CDC,su-zhou-shi,1016,781
gang-kou-CDC,tai-zhou-shi,1181,871
gang-kou-CDC,wu-xi-shi,1071,827
gang-kou-CDC,su-qian-shi,1406,986
gang-kou-CDC,xu-zhou-shi,1383,965
gang-kou-CDC,yan-cheng-shi,1290,922
gang-kou-CDC,yang-zhou-shi,1182,868
gang-kou-CDC,zhen-jiang-shi,1159,860
gang-kou-CDC,gan-zhou-shi,439,332
gang-kou-CDC,jiu-jiang-shi,813,579
gang-kou-CDC,nan-chang-shi,688,500
gang-kou-CDC,shang-rao-shi,623,480
gang-kou-CDC,an-shan-shi,2632,1636
gang-kou-CDC,da-lian-shi,2805,1732
gang-kou-CDC,shen-yang-shi,2657,1647
gang-kou-CDC,bao-tou-shi,2643,1661
gang-kou-CDC,hu-he-hao-te-shi,2465,1574
gang-kou-CDC,de-zhou-shi,1766,1174
gang-kou-CDC,dong-ying-shi,1803,1199
gang-kou-CDC,he-ze-shi,1492,1030
gang-kou-CDC,ji-nan-shi,1719,1150
gang-kou-CDC,ji-ning-shi,1549,1068
gang-kou-CDC,liao-cheng-shi,1636,1105
gang-kou-CDC,lin-yi-shi,1555,1086
gang-kou-CDC,qing-dao-shi,1694,1148
gang-kou-CDC,ri-zhao-shi,1555,1053
gang-kou-CDC,tai-an-shi,1687,1130
gang-kou-CDC,wei-hai-shi,1949,1292
gang-kou-CDC,wei-fang-shi,1718,1155
gang-kou-CDC,yan-tai-shi,1871,1244
gang-kou-CDC,zi-bo-shi,1777,1183
gang-kou-CDC,lin-fen-shi,1855,1232
gang-kou-CDC,tai-yuan-shi,1964,1300
gang-kou-CDC,yun-cheng-shi,1771,1197
gang-kou-CDC,xi-an-shi,1820,1212
gang-kou-CDC,xian-yang-shi,1842,1220
gang-kou-CDC,shang-hai-shi,1028,801
gang-kou-CDC,cheng-du-shi,2055,1349
gang-kou-CDC,mian-yang-shi,2033,1357
gang-kou-CDC,tian-jin-shi,1997,1298
gang-kou-CDC,kun-ming-shi,1979,1311
gang-kou-CDC,hang-zhou-shi,934,696
gang-kou-CDC,hu-zhou-shi,981,741
gang-kou-CDC,jia-xing-shi,941,708
gang-kou-CDC,jin-hua-shi,801,591
gang-kou-CDC,ning-bo-shi,834,624
gang-kou-CDC,shao-xing-shi,854,655
gang-kou-CDC,tai-zhou-shi,698,537
gang-kou-CDC,wen-zhou-shi,573,444
gang-kou-CDC,chong-qing-shi,1753,1209
shang-hai-DC,bo-zhou-shi,700,537
shang-hai-DC,chu-zhou-shi,366,327
shang-hai-DC,fu-yang-shi,626,466
shang-hai-DC,he-fei-shi,464,377
shang-hai-DC,lu-an-shi,547,429
shang-hai-DC,wu-hu-shi,359,319
shang-hai-DC,su-zhou-shi,568,445
shang-hai-DC,bei-jing-shi,1215,917
shang-hai-DC,fu-zhou-shi,771,634
shang-hai-DC,ning-de-shi,687,565
shang-hai-DC,quan-zhou-shi,938,764
shang-hai-DC,gang-kou-CDC-suo-zai-cheng-shi,1062,850
shang-hai-DC,zhang-zhou-shi,1079,860
shang-hai-DC,lan-zhou-shi,1993,1361
shang-hai-DC,dong-guan-shi,1439,1026
shang-hai-DC,fo-shan-shi,1465,1043
shang-hai-DC,guang-zhou-shi,1430,1015
shang-hai-DC,hui-zhou-shi,1357,991
shang-hai-DC,jiang-men-shi,1521,1076
shang-hai-DC,jie-yang-shi,1244,925
shang-hai-DC,shan-tou-shi,1289,947
shang-hai-DC,shen-zhen-shi,1455,1023
shang-hai-DC,zhan-jiang-shi,1848,1233
shang-hai-DC,zhong-shan-shi,1506,1070
shang-hai-DC,zhu-hai-shi,1548,1085
shang-hai-DC,nan-ning-shi,1891,1242
shang-hai-DC,gui-yang-shi,1805,1255
shang-hai-DC,bao-ding-shi,1189,900
shang-hai-DC,cang-zhou-shi,1041,816
shang-hai-DC,cheng-de-shi,1370,1014
shang-hai-DC,han-dan-shi,1040,814
shang-hai-DC,nei-lu-CDC-suo-zai-cheng-shi,1158,892
shang-hai-DC,shi-jia-zhuang-shi,1169,893
shang-hai-DC,tang-shan-shi,1196,912
shang-hai-DC,xing-tai-shi,1092,845
shang-hai-DC,zhang-jia-kou-shi,1410,1038
shang-hai-DC,luo-yang-shi,1036,771
shang-hai-DC,nan-yang-shi,964,723
shang-hai-DC,shang-qiu-shi,756,585
shang-hai-DC,xin-xiang-shi,995,761
shang-hai-DC,xin-yang-shi,783,602
shang-hai-DC,zheng-zhou-shi,948,719
shang-hai-DC,zhou-kou-shi,756,572
shang-hai-DC,da-qing-shi,2312,1497
shang-hai-DC,ha-er-bin-shi,2396,1565
shang-hai-DC,wu-han-shi,827,652
shang-hai-DC,xiang-yang-shi,1071,807
shang-hai-DC,heng-yang-shi,1192,862
shang-hai-DC,chang-sha-shi,1103,820
shang-hai-DC,ji-lin-shi,2127,1405
shang-hai-DC,chang-chun-shi,2034,1342
shang-hai-DC,chang-zhou-shi,177,196
shang-hai-DC,huai-an-shi,419,354
shang-hai-DC,lian-yun-gang-shi,485,410
shang-hai-DC,nan-jing-shi,296,263
shang-hai-DC,nan-tong-shi,133,202
shang-hai-DC,su-zhou-shi,97,159
shang-hai-DC,tai-zhou-shi,240,225
shang-hai-DC,wu-xi-shi,140,185
shang-hai-DC,su-qian-shi,502,402
shang-hai-DC,xu-zhou-shi,598,487
shang-hai-DC,yan-cheng-shi,319,294
shang-hai-DC,yang-zhou-shi,279,252
shang-hai-DC,zhen-jiang-shi,256,238
shang-hai-DC,gan-zhou-shi,1043,784
shang-hai-DC,jiu-jiang-shi,652,517
shang-hai-DC,nan-chang-shi,724,548
shang-hai-DC,shang-rao-shi,518,416
shang-hai-DC,an-shan-shi,1716,1185
shang-hai-DC,da-lian-shi,1886,1272
shang-hai-DC,shen-yang-shi,1741,1191
shang-hai-DC,bao-tou-shi,1873,1288
shang-hai-DC,hu-he-hao-te-shi,1703,1208
shang-hai-DC,de-zhou-shi,985,791
shang-hai-DC,dong-ying-shi,832,657
shang-hai-DC,he-ze-shi,849,664
shang-hai-DC,ji-nan-shi,849,678
shang-hai-DC,ji-ning-shi,770,626
shang-hai-DC,liao-cheng-shi,912,719
shang-hai-DC,lin-yi-shi,584,507
shang-hai-DC,qing-dao-shi,722,582
shang-hai-DC,ri-zhao-shi,583,477
shang-hai-DC,tai-an-shi,780,647
shang-hai-DC,wei-hai-shi,969,769
shang-hai-DC,wei-fang-shi,746,599
shang-hai-DC,yan-tai-shi,900,724
shang-hai-DC,zi-bo-shi,806,636
shang-hai-DC,lin-fen-shi,1292,936
shang-hai-DC,tai-yuan-shi,1360,995
shang-hai-DC,yun-cheng-shi,1213,899
shang-hai-DC,xi-an-shi,1379,978
shang-hai-DC,xian-yang-shi,1401,992
shang-hai-DC,shang-hai-shi,0,0
shang-hai-DC,cheng-du-shi,1958,1344
shang-hai-DC,mian-yang-shi,1900,1324
shang-hai-DC,tian-jin-shi,1081,839
shang-hai-DC,kun-ming-shi,2334,1569
shang-hai-DC,hang-zhou-shi,177,199
shang-hai-DC,hu-zhou-shi,150,172
shang-hai-DC,jia-xing-shi,107,154
shang-hai-DC,jin-hua-shi,326,286
shang-hai-DC,ning-bo-shi,227,223
shang-hai-DC,shao-xing-shi,206,214
shang-hai-DC,tai-zhou-shi,376,344
shang-hai-DC,wen-zhou-shi,451,386
shang-hai-DC,chong-qing-shi,1733,1233
shen-zhen-DC,bo-zhou-shi,1485,1002
shen-zhen-DC,chu-zhou-shi,1390,963
shen-zhen-DC,fu-yang-shi,1377,937
shen-zhen-DC,he-fei-shi,1245,862
shen-zhen-DC,lu-an-shi,1241,866
shen-zhen-DC,wu-hu-shi,1266,909
shen-zhen-DC,su-zhou-shi,1479,987
shen-zhen-DC,bei-jing-shi,2178,1352
shen-zhen-DC,fu-zhou-shi,828,567
shen-zhen-DC,ning-de-shi,921,636
shen-zhen-DC,quan-zhou-shi,662,463
shen-zhen-DC,gang-kou-CDC-suo-zai-cheng-shi,577,414
shen-zhen-DC,zhang-zhou-shi,543,389
shen-zhen-DC,lan-zhou-shi,2397,1585
shen-zhen-DC,dong-guan-shi,78,114
shen-zhen-DC,fo-shan-shi,147,158
shen-zhen-DC,guang-zhou-shi,143,157
shen-zhen-DC,hui-zhou-shi,88,106
shen-zhen-DC,jiang-men-shi,164,159
shen-zhen-DC,jie-yang-shi,317,234
shen-zhen-DC,shan-tou-shi,342,265
shen-zhen-DC,shen-zhen-shi,0,0
shen-zhen-DC,zhan-jiang-shi,503,403
shen-zhen-DC,zhong-shan-shi,138,151
shen-zhen-DC,zhu-hai-shi,180,191
shen-zhen-DC,nan-ning-shi,670,476
shen-zhen-DC,gui-yang-shi,1084,804
shen-zhen-DC,bao-ding-shi,2058,1300
shen-zhen-DC,cang-zhou-shi,2054,1296
shen-zhen-DC,cheng-de-shi,2407,1504
shen-zhen-DC,han-dan-shi,1773,1158
shen-zhen-DC,nei-lu-CDC-suo-zai-cheng-shi,2152,1348
shen-zhen-DC,shi-jia-zhuang-shi,1942,1245
shen-zhen-DC,tang-shan-shi,2269,1418
shen-zhen-DC,xing-tai-shi,1832,1196
shen-zhen-DC,zhang-jia-kou-shi,2332,1478
shen-zhen-DC,luo-yang-shi,1585,1091
shen-zhen-DC,nan-yang-shi,1406,1000
shen-zhen-DC,shang-qiu-shi,1537,1021
shen-zhen-DC,xin-xiang-shi,1615,1093
shen-zhen-DC,xin-yang-shi,1252,883
shen-zhen-DC,zheng-zhou-shi,1551,1041
shen-zhen-DC,zhou-kou-shi,1419,960
shen-zhen-DC,da-qing-shi,3398,2012
shen-zhen-DC,ha-er-bin-shi,3482,2069
shen-zhen-DC,wu-han-shi,1082,777
shen-zhen-DC,xiang-yang-shi,1286,919
shen-zhen-DC,heng-yang-shi,639,498
shen-zhen-DC,chang-sha-shi,787,600
shen-zhen-DC,ji-lin-shi,3214,1919
shen-zhen-DC,chang-chun-shi,3120,1859
shen-zhen-DC,chang-zhou-shi,1449,1006
shen-zhen-DC,huai-an-shi,1567,1048
shen-zhen-DC,lian-yun-gang-shi,1700,1119
shen-zhen-DC,nan-jing-shi,1358,970
shen-zhen-DC,nan-tong-shi,1524,1055
shen-zhen-DC,su-zhou-shi,1421,1007
shen-zhen-DC,tai-zhou-shi,1510,1044
shen-zhen-DC,wu-xi-shi,1448,1021
shen-zhen-DC,su-qian-shi,1616,1061
shen-zhen-DC,xu-zhou-shi,1562,1037
shen-zhen-DC,yan-cheng-shi,1625,1104
shen-zhen-DC,yang-zhou-shi,1466,1012
shen-zhen-DC,zhen-jiang-shi,1443,1012
shen-zhen-DC,gan-zhou-shi,447,338
shen-zhen-DC,jiu-jiang-shi,951,653
shen-zhen-DC,nan-chang-shi,815,559
shen-zhen-DC,shang-rao-shi,927,692
shen-zhen-DC,an-shan-shi,2803,1696
shen-zhen-DC,da-lian-shi,2973,1788
shen-zhen-DC,shen-yang-shi,2827,1698
shen-zhen-DC,bao-tou-shi,2604,1692
shen-zhen-DC,hu-he-hao-te-shi,2536,1598
shen-zhen-DC,de-zhou-shi,1916,1239
shen-zhen-DC,dong-ying-shi,2050,1311
shen-zhen-DC,he-ze-shi,1642,1084
shen-zhen-DC,ji-nan-shi,1873,1201
shen-zhen-DC,ji-ning-shi,1728,1129
shen-zhen-DC,liao-cheng-shi,1786,1159
shen-zhen-DC,lin-yi-shi,1751,1161
shen-zhen-DC,qing-dao-shi,1940,1254
shen-zhen-DC,ri-zhao-shi,1801,1175
shen-zhen-DC,tai-an-shi,1840,1182
shen-zhen-DC,wei-hai-shi,2186,1394
shen-zhen-DC,wei-fang-shi,1965,1261
shen-zhen-DC,yan-tai-shi,2118,1350
shen-zhen-DC,zi-bo-shi,1975,1269
shen-zhen-DC,lin-fen-shi,1836,1233
shen-zhen-DC,tai-yuan-shi,1980,1311
shen-zhen-DC,yun-cheng-shi,1733,1191
shen-zhen-DC,xi-an-shi,1782,1216
shen-zhen-DC,xian-yang-shi,1804,1218
shen-zhen-DC,shang-hai-shi,1434,1008
shen-zhen-DC,cheng-du-shi,1718,1156
shen-zhen-DC,mian-yang-shi,1765,1202
shen-zhen-DC,tian-jin-shi,2154,1340
shen-zhen-DC,kun-ming-shi,1450,1023
shen-zhen-DC,hang-zhou-shi,1254,891
shen-zhen-DC,hu-zhou-shi,1342,956
shen-zhen-DC,jia-xing-shi,1347,941
shen-zhen-DC,jin-hua-shi,1122,824
shen-zhen-DC,ning-bo-shi,1361,954
shen-zhen-DC,shao-xing-shi,1287,922
shen-zhen-DC,tai-zhou-shi,1265,911
shen-zhen-DC,wen-zhou-shi,1143,808
shen-zhen-DC,chong-qing-shi,1454,1042
tian-jin-DC,bo-zhou-shi,689,574
tian-jin-DC,chu-zhou-shi,899,702
tian-jin-DC,fu-yang-shi,790,620
tian-jin-DC,he-fei-shi,959,735
tian-jin-DC,lu-an-shi,943,727
tian-jin-DC,wu-hu-shi,1041,786
tian-jin-DC,su-zhou-shi,730,561
tian-jin-DC,bei-jing-shi,131,163
tian-jin-DC,fu-zhou-shi,1821,1261
tian-jin-DC,ning-de-shi,1710,1202
tian-jin-DC,quan-zhou-shi,1989,1350
tian-jin-DC,gang-kou-CDC-suo-zai-cheng-shi,1989,1347
tian-jin-DC,zhang-zhou-shi,1970,1339
tian-jin-DC,lan-zhou-shi,1498,1097
tian-jin-DC,dong-guan-shi,2136,1417
tian-jin-DC,fo-shan-shi,2162,1419
tian-jin-DC,guang-zhou-shi,2128,1403
tian-jin-DC,hui-zhou-shi,2067,1392
tian-jin-DC,jiang-men-shi,2212,1447
tian-jin-DC,jie-yang-shi,2024,1374
tian-jin-DC,shan-tou-shi,2069,1382
tian-jin-DC,shen-zhen-shi,2153,1409
tian-jin-DC,zhan-jiang-shi,2437,1582
tian-jin-DC,zhong-shan-shi,2204,1448
tian-jin-DC,zhu-hai-shi,2246,1472
tian-jin-DC,nan-ning-shi,2307,1507
tian-jin-DC,gui-yang-shi,2061,1408
tian-jin-DC,bao-ding-shi,194,187
tian-jin-DC,cang-zhou-shi,120,124
tian-jin-DC,cheng-de-shi,306,259
tian-jin-DC,han-dan-shi,459,357
tian-jin-DC,nei-lu-CDC-suo-zai-cheng-shi,89,121
tian-jin-DC,shi-jia-zhuang-shi,327,257
tian-jin-DC,tang-shan-shi,135,153
tian-jin-DC,xing-tai-shi,412,321
tian-jin-DC,zhang-jia-kou-shi,333,330
tian-jin-DC,luo-yang-shi,806,610
tian-jin-DC,nan-yang-shi,918,710
tian-jin-DC,shang-qiu-shi,612,501
tian-jin-DC,xin-xiang-shi,626,485
tian-jin-DC,xin-yang-shi,964,741
tian-jin-DC,zheng-zhou-shi,717,538
tian-jin-DC,zhou-kou-shi,771,579
tian-jin-DC,da-qing-shi,1249,916
tian-jin-DC,ha-er-bin-shi,1333,983
tian-jin-DC,wu-han-shi,1138,835
tian-jin-DC,xiang-yang-shi,1042,792
tian-jin-DC,heng-yang-shi,1623,1138
tian-jin-DC,chang-sha-shi,1467,1051
tian-jin-DC,ji-lin-shi,1065,823
tian-jin-DC,chang-chun-shi,971,748
tian-jin-DC,chang-zhou-shi,956,745
tian-jin-DC,huai-an-shi,739,597
tian-jin-DC,lian-yun-gang-shi,610,493
tian-jin-DC,nan-jing-shi,929,725
tian-jin-DC,nan-tong-shi,958,729
tian-jin-DC,su-zhou-shi,1079,830
tian-jin-DC,tai-zhou-shi,878,680
tian-jin-DC,wu-xi-shi,978,766
tian-jin-DC,su-qian-shi,647,519
tian-jin-DC,xu-zhou-shi,634,500
tian-jin-DC,yan-cheng-shi,795,627
tian-jin-DC,yang-zhou-shi,869,673
tian-jin-DC,zhen-jiang-shi,897,699
tian-jin-DC,gan-zhou-shi,1730,1179
tian-jin-DC,jiu-jiang-shi,1240,932
tian-jin-DC,nan-chang-shi,1345,1015
tian-jin-DC,shang-rao-shi,1488,1045
tian-jin-DC,an-shan-shi,654,530
tian-jin-DC,da-lian-shi,824,654
tian-jin-DC,shen-yang-shi,678,535
tian-jin-DC,bao-tou-shi,796,654
tian-jin-DC,hu-he-hao-te-shi,626,542
tian-jin-DC,de-zhou-shi,224,204
tian-jin-DC,dong-ying-shi,271,240
tian-jin-DC,he-ze-shi,566,441
tian-jin-DC,ji-nan-shi,335,274
tian-jin-DC,ji-ning-shi,523,433
tian-jin-DC,liao-cheng-shi,415,332
tian-jin-DC,lin-yi-shi,516,431
tian-jin-DC,qing-dao-shi,528,425
tian-jin-DC,ri-zhao-shi,537,425
tian-jin-DC,tai-an-shi,406,334
tian-jin-DC,wei-hai-shi,660,504
tian-jin-DC,wei-fang-shi,381,326
tian-jin-DC,yan-tai-shi,592,447
tian-jin-DC,zi-bo-shi,292,251
tian-jin-DC,lin-fen-shi,772,613
tian-jin-DC,tai-yuan-shi,524,419
tian-jin-DC,yun-cheng-shi,906,707
tian-jin-DC,xi-an-shi,1112,848
tian-jin-DC,xian-yang-shi,1134,872
tian-jin-DC,shang-hai-shi,1079,827
tian-jin-DC,cheng-du-shi,1882,1315
tian-jin-DC,mian-yang-shi,1711,1240
tian-jin-DC,tian-jin-shi,0,0
tian-jin-DC,kun-ming-shi,2590,1715
tian-jin-DC,hang-zhou-shi,1201,896
tian-jin-DC,hu-zhou-shi,1075,828
tian-jin-DC,jia-xing-shi,1115,839
tian-jin-DC,jin-hua-shi,1351,977
tian-jin-DC,ning-bo-shi,1252,919
tian-jin-DC,shao-xing-shi,1231,902
tian-jin-DC,tai-zhou-shi,1399,1011
tian-jin-DC,wen-zhou-shi,1476,1049
tian-jin-DC,chong-qing-shi,1825,1289
xi-an-DC,bo-zhou-shi,738,589
xi-an-DC,chu-zhou-shi,1047,792
xi-an-DC,fu-yang-shi,779,600
xi-an-DC,he-fei-shi,933,705
xi-an-DC,lu-an-shi,855,662
xi-an-DC,wu-hu-shi,1065,816
xi-an-DC,su-zhou-shi,859,661
xi-an-DC,bei-jing-shi,1102,853
xi-an-DC,fu-zhou-shi,1648,1163
xi-an-DC,ning-de-shi,1678,1184
xi-an-DC,quan-zhou-shi,1769,1249
xi-an-DC,gang-kou-CDC-suo-zai-cheng-shi,1782,1242
xi-an-DC,zhang-zhou-shi,1731,1214
xi-an-DC,lan-zhou-shi,625,524
xi-an-DC,dong-guan-shi,1671,1189
xi-an-DC,fo-shan-shi,1702,1198
xi-an-DC,guang-zhou-shi,1645,1184
xi-an-DC,hui-zhou-shi,1684,1220
xi-an-DC,jiang-men-shi,1740,1215
xi-an-DC,jie-yang-shi,1785,1245
xi-an-DC,shan-tou-shi,1830,1271
xi-an-DC,shen-zhen-shi,1739,1230
xi-an-DC,zhan-jiang-shi,1965,1324
xi-an-DC,zhong-shan-shi,1721,1225
xi-an-DC,zhu-hai-shi,1817,1249
xi-an-DC,nan-ning-shi,1641,1200
xi-an-DC,gui-yang-shi,1115,897
xi-an-DC,bao-ding-shi,942,753
xi-an-DC,cang-zhou-shi,997,789
xi-an-DC,cheng-de-shi,1330,995
xi-an-DC,han-dan-shi,667,553
xi-an-DC,nei-lu-CDC-suo-zai-cheng-shi,1085,841
xi-an-DC,shi-jia-zhuang-shi,797,654
xi-an-DC,tang-shan-shi,1212,921
xi-an-DC,xing-tai-shi,727,590
xi-an-DC,zhang-jia-kou-shi,1114,849
xi-an-DC,luo-yang-shi,408,343
xi-an-DC,nan-yang-shi,430,364
xi-an-DC,shang-qiu-shi,680,523
xi-an-DC,xin-xiang-shi,587,477
xi-an-DC,xin-yang-shi,622,485
xi-an-DC,zheng-zhou-shi,484,402
xi-an-DC,zhou-kou-shi,671,501
xi-an-DC,da-qing-shi,2331,1506
xi-an-DC,ha-er-bin-shi,2415,1568
xi-an-DC,wu-han-shi,745,579
xi-an-DC,xiang-yang-shi,468,399
xi-an-DC,heng-yang-shi,1150,892
xi-an-DC,chang-sha-shi,994,793
xi-an-DC,ji-lin-shi,2147,1410
xi-an-DC,chang-chun-shi,2053,1353
xi-an-DC,chang-zhou-shi,1222,874
xi-an-DC,huai-an-shi,1015,758
xi-an-DC,lian-yun-gang-shi,1031,778
xi-an-DC,nan-jing-shi,1108,814
xi-an-DC,nan-tong-shi,1306,936
xi-an-DC,su-zhou-shi,1309,937
xi-an-DC,tai-zhou-shi,1208,868
xi-an-DC,wu-xi-shi,1266,910
xi-an-DC,su-qian-shi,939,724
xi-an-DC,xu-zhou-shi,838,645
xi-an-DC,yan-cheng-shi,1142,851
xi-an-DC,yang-zhou-shi,1154,838
xi-an-DC,zhen-jiang-shi,1174,857
xi-an-DC,gan-zhou-shi,1406,1034
xi-an-DC,jiu-jiang-shi,1002,784
xi-an-DC,nan-chang-shi,1107,856
xi-an-DC,shang-rao-shi,1374,1017
xi-an-DC,an-shan-shi,1735,1189
xi-an-DC,da-lian-shi,1906,1282
xi-an-DC,shen-yang-shi,1760,1197
xi-an-DC,bao-tou-shi,835,651
xi-an-DC,hu-he-hao-te-shi,967,752
xi-an-DC,de-zhou-shi,917,730
xi-an-DC,dong-ying-shi,1127,875
xi-an-DC,he-ze-shi,668,521
xi-an-DC,ji-nan-shi,933,767
xi-an-DC,ji-ning-shi,795,661
xi-an-DC,liao-cheng-shi,795,631
xi-an-DC,lin-yi-shi,982,791
xi-an-DC,qing-dao-shi,1212,918
xi-an-DC,ri-zhao-shi,1056,825
xi-an-DC,tai-an-shi,889,702
xi-an-DC,wei-hai-shi,1426,1053
xi-an-DC,wei-fang-shi,1111,874
xi-an-DC,yan-tai-shi,1358,1015
xi-an-DC,zi-bo-shi,1022,816
xi-an-DC,lin-fen-shi,357,267
xi-an-DC,tai-yuan-shi,627,471
xi-an-DC,yun-cheng-shi,244,203
xi-an-DC,xi-an-shi,0,0
xi-an-DC,xian-yang-shi,33,52
xi-an-DC,shang-hai-shi,1384,981
xi-an-DC,cheng-du-shi,783,655
xi-an-DC,mian-yang-shi,612,549
xi-an-DC,tian-jin-shi,1097,840
xi-an-DC,kun-ming-shi,1499,1149
xi-an-DC,hang-zhou-shi,1324,966
xi-an-DC,hu-zhou-shi,1267,918
xi-an-DC,jia-xing-shi,1349,966
xi-an-DC,jin-hua-shi,1455,1050
xi-an-DC,ning-bo-shi,1498,1048
xi-an-DC,shao-xing-shi,1408,1017
xi-an-DC,tai-zhou-shi,1611,1123
xi-an-DC,wen-zhou-shi,1614,1129
xi-an-DC,chong-qing-shi,713,616
chang-sha-DC,bo-zhou-shi,851,643
chang-sha-DC,chu-zhou-shi,872,674
chang-sha-DC,fu-yang-shi,758,576
chang-sha-DC,he-fei-shi,728,549
chang-sha-DC,lu-an-shi,658,519
chang-sha-DC,wu-hu-shi,822,622
chang-sha-DC,su-zhou-shi,916,697
chang-sha-DC,bei-jing-shi,1490,1042
chang-sha-DC,fu-zhou-shi,855,665
chang-sha-DC,ning-de-shi,885,677
chang-sha-DC,quan-zhou-shi,888,687
chang-sha-DC,gang-kou-CDC-suo-zai-cheng-shi,886,684
chang-sha-DC,zhang-zhou-shi,835,649
chang-sha-DC,lan-zhou-shi,1654,1191
chang-sha-DC,dong-guan-shi,720,558
chang-sha-DC,fo-shan-shi,746,547
chang-sha-DC,guang-zhou-shi,694,559
chang-sha-DC,hui-zhou-shi,740,554
chang-sha-DC,jiang-men-shi,784,566
chang-sha-DC,jie-yang-shi,839,658
chang-sha-DC,shan-tou-shi,884,684
chang-sha-DC,shen-zhen-shi,787,609
chang-sha-DC,zhan-jiang-shi,1009,735
chang-sha-DC,zhong-shan-shi,770,615
chang-sha-DC,zhu-hai-shi,812,644
chang-sha-DC,nan-ning-shi,878,653
chang-sha-DC,gui-yang-shi,795,648
chang-sha-DC,bao-ding-shi,1343,959
chang-sha-DC,cang-zhou-shi,1367,967
chang-sha-DC,cheng-de-shi,1720,1170
chang-sha-DC,han-dan-shi,1052,808
chang-sha-DC,nei-lu-CDC-suo-zai-cheng-shi,1465,1022
chang-sha-DC,shi-jia-zhuang-shi,1221,899
chang-sha-DC,tang-shan-shi,1581,1098
chang-sha-DC,xing-tai-shi,1111,841
chang-sha-DC,zhang-jia-kou-shi,1611,1118
chang-sha-DC,luo-yang-shi,842,673
chang-sha-DC,nan-yang-shi,663,533
chang-sha-DC,shang-qiu-shi,852,646
chang-sha-DC,xin-xiang-shi,895,706
chang-sha-DC,xin-yang-shi,531,427
chang-sha-DC,zheng-zhou-shi,831,641
chang-sha-DC,zhou-kou-shi,724,556
chang-sha-DC,da-qing-shi,2711,1690
chang-sha-DC,ha-er-bin-shi,2795,1754
chang-sha-DC,wu-han-shi,341,286
chang-sha-DC,xiang-yang-shi,534,417
chang-sha-DC,heng-yang-shi,190,167
chang-sha-DC,chang-sha-shi,0,0
chang-sha-DC,ji-lin-shi,2527,1595
chang-sha-DC,chang-chun-shi,2433,1533
chang-sha-DC,chang-zhou-shi,1008,768
chang-sha-DC,huai-an-shi,1049,790
chang-sha-DC,lian-yun-gang-shi,1204,874
chang-sha-DC,nan-jing-shi,880,677
chang-sha-DC,nan-tong-shi,1136,845
chang-sha-DC,su-zhou-shi,1072,815
chang-sha-DC,tai-zhou-shi,1023,771
chang-sha-DC,wu-xi-shi,1047,793
chang-sha-DC,su-qian-shi,1053,790
chang-sha-DC,xu-zhou-shi,1011,765
chang-sha-DC,yan-cheng-shi,1156,851
chang-sha-DC,yang-zhou-shi,968,728
chang-sha-DC,zhen-jiang-shi,999,761
chang-sha-DC,gan-zhou-shi,506,392
chang-sha-DC,jiu-jiang-shi,454,357
chang-sha-DC,nan-chang-shi,350,279
chang-sha-DC,shang-rao-shi,579,430
chang-sha-DC,an-shan-shi,2116,1376
chang-sha-DC,da-lian-shi,2286,1469
chang-sha-DC,shen-yang-shi,2140,1379
chang-sha-DC,bao-tou-shi,1861,1295
chang-sha-DC,hu-he-hao-te-shi,1691,1232
chang-sha-DC,de-zhou-shi,1232,903
chang-sha-DC,dong-ying-shi,1402,998
chang-sha-DC,he-ze-shi,954,729
chang-sha-DC,ji-nan-shi,1188,877
chang-sha-DC,ji-ning-shi,1062,823
chang-sha-DC,liao-cheng-shi,1102,834
chang-sha-DC,lin-yi-shi,1200,896
chang-sha-DC,qing-dao-shi,1439,1014
chang-sha-DC,ri-zhao-shi,1300,923
chang-sha-DC,tai-an-shi,1156,861
chang-sha-DC,wei-hai-shi,1685,1151
chang-sha-DC,wei-fang-shi,1379,988
chang-sha-DC,yan-tai-shi,1617,1102
chang-sha-DC,zi-bo-shi,1290,935
chang-sha-DC,lin-fen-shi,1093,859
chang-sha-DC,tai-yuan-shi,1230,948
chang-sha-DC,yun-cheng-shi,990,795
chang-sha-DC,xi-an-shi,1039,816
chang-sha-DC,xian-yang-shi,1061,830
chang-sha-DC,shang-hai-shi,1078,802
chang-sha-DC,cheng-du-shi,1192,901
chang-sha-DC,mian-yang-shi,1153,884
chang-sha-DC,tian-jin-shi,1466,1032
chang-sha-DC,kun-ming-shi,1324,1013
chang-sha-DC,hang-zhou-shi,899,650
chang-sha-DC,hu-zhou-shi,972,728
chang-sha-DC,jia-xing-shi,991,716
chang-sha-DC,jin-hua-shi,773,575
chang-sha-DC,ning-bo-shi,1013,753
chang-sha-DC,shao-xing-shi,939,701
chang-sha-DC,tai-zhou-shi,997,766
chang-sha-DC,wen-zhou-shi,971,728
chang-sha-DC,chong-qing-shi,911,757
zheng-zhou-DC,bo-zhou-shi,280,228
zheng-zhou-DC,chu-zhou-shi,612,447
zheng-zhou-DC,fu-yang-shi,359,273
zheng-zhou-DC,he-fei-shi,568,393
zheng-zhou-DC,lu-an-shi,512,376
zheng-zhou-DC,wu-hu-shi,700,515
zheng-zhou-DC,su-zhou-shi,387,296
zheng-zhou-DC,bei-jing-shi,699,539
zheng-zhou-DC,fu-zhou-shi,1372,984
zheng-zhou-DC,ning-de-shi,1380,993
zheng-zhou-DC,quan-zhou-shi,1519,1065
zheng-zhou-DC,gang-kou-CDC-suo-zai-cheng-shi,1532,1055
zheng-zhou-DC,zhang-zhou-shi,1481,1026
zheng-zhou-DC,lan-zhou-shi,1099,882
zheng-zhou-DC,dong-guan-shi,1510,1071
zheng-zhou-DC,fo-shan-shi,1511,1090
zheng-zhou-DC,guang-zhou-shi,1484,1067
zheng-zhou-DC,hui-zhou-shi,1494,1071
zheng-zhou-DC,jiang-men-shi,1571,1110
zheng-zhou-DC,jie-yang-shi,1535,1073
zheng-zhou-DC,shan-tou-shi,1580,1087
zheng-zhou-DC,shen-zhen-shi,1542,1090
zheng-zhou-DC,zhan-jiang-shi,1796,1227
zheng-zhou-DC,zhong-shan-shi,1560,1113
zheng-zhou-DC,zhu-hai-shi,1602,1137
zheng-zhou-DC,nan-ning-shi,1665,1170
zheng-zhou-DC,gui-yang-shi,1420,1045
zheng-zhou-DC,bao-ding-shi,539,406
zheng-zhou-DC,cang-zhou-shi,594,448
zheng-zhou-DC,cheng-de-shi,924,688
zheng-zhou-DC,han-dan-shi,248,229
zheng-zhou-DC,nei-lu-CDC-suo-zai-cheng-shi,682,507
zheng-zhou-DC,shi-jia-zhuang-shi,417,323
zheng-zhou-DC,tang-shan-shi,810,625
zheng-zhou-DC,xing-tai-shi,307,254
zheng-zhou-DC,zhang-jia-kou-shi,807,639
zheng-zhou-DC,luo-yang-shi,139,143
zheng-zhou-DC,nan-yang-shi,269,245
zheng-zhou-DC,shang-qiu-shi,208,177
zheng-zhou-DC,xin-xiang-shi,78,138
zheng-zhou-DC,xin-yang-shi,323,265
zheng-zhou-DC,zheng-zhou-shi,0,0
zheng-zhou-DC,zhou-kou-shi,203,175
zheng-zhou-DC,da-qing-shi,1928,1269
zheng-zhou-DC,ha-er-bin-shi,2012,1329
zheng-zhou-DC,wu-han-shi,510,399
zheng-zhou-DC,xiang-yang-shi,394,325
zheng-zhou-DC,heng-yang-shi,981,784
zheng-zhou-DC,chang-sha-shi,825,656
zheng-zhou-DC,ji-lin-shi,1744,1175
zheng-zhou-DC,chang-chun-shi,1650,1100
zheng-zhou-DC,chang-zhou-shi,775,538
zheng-zhou-DC,huai-an-shi,543,390
zheng-zhou-DC,lian-yun-gang-shi,559,396
zheng-zhou-DC,nan-jing-shi,660,461
zheng-zhou-DC,nan-tong-shi,837,581
zheng-zhou-DC,su-zhou-shi,861,609
zheng-zhou-DC,tai-zhou-shi,730,518
zheng-zhou-DC,wu-xi-shi,819,580
zheng-zhou-DC,su-qian-shi,467,350
zheng-zhou-DC,xu-zhou-shi,367,288
zheng-zhou-DC,yan-cheng-shi,670,478
zheng-zhou-DC,yang-zhou-shi,678,489
zheng-zhou-DC,zhen-jiang-shi,711,523
zheng-zhou-DC,gan-zhou-shi,1171,874
zheng-zhou-DC,jiu-jiang-shi,752,561
zheng-zhou-DC,nan-chang-shi,857,648
zheng-zhou-DC,shang-rao-shi,1030,774
zheng-zhou-DC,an-shan-shi,1332,948
zheng-zhou-DC,da-lian-shi,1502,1040
zheng-zhou-DC,shen-yang-shi,1357,954
zheng-zhou-DC,bao-tou-shi,1081,859
zheng-zhou-DC,hu-he-hao-te-shi,902,762
zheng-zhou-DC,de-zhou-shi,468,377
zheng-zhou-DC,dong-ying-shi,656,504
zheng-zhou-DC,he-ze-shi,214,185
zheng-zhou-DC,ji-nan-shi,455,373
zheng-zhou-DC,ji-ning-shi,340,309
zheng-zhou-DC,liao-cheng-shi,338,288
zheng-zhou-DC,lin-yi-shi,516,443
zheng-zhou-DC,qing-dao-shi,746,590
zheng-zhou-DC,ri-zhao-shi,589,474
zheng-zhou-DC,tai-an-shi,423,356
zheng-zhou-DC,wei-hai-shi,955,734
zheng-zhou-DC,wei-fang-shi,640,496
zheng-zhou-DC,yan-tai-shi,887,688
zheng-zhou-DC,zi-bo-shi,551,440
zheng-zhou-DC,lin-fen-shi,370,308
zheng-zhou-DC,tai-yuan-shi,441,376
zheng-zhou-DC,yun-cheng-shi,357,304
zheng-zhou-DC,xi-an-shi,493,391
zheng-zhou-DC,xian-yang-shi,515,407
zheng-zhou-DC,shang-hai-shi,938,680
zheng-zhou-DC,cheng-du-shi,1253,957
zheng-zhou-DC,mian-yang-shi,1083,885
zheng-zhou-DC,tian-jin-shi,695,524
zheng-zhou-DC,kun-ming-shi,1949,1368
zheng-zhou-DC,hang-zhou-shi,930,675
zheng-zhou-DC,hu-zhou-shi,854,602
zheng-zhou-DC,jia-xing-shi,936,650
zheng-zhou-DC,jin-hua-shi,1105,789
zheng-zhou-DC,ning-bo-shi,1086,770
zheng-zhou-DC,shao-xing-shi,995,710
zheng-zhou-DC,tai-zhou-shi,1199,852
zheng-zhou-DC,wen-zhou-shi,1230,865
zheng-zhou-DC,chong-qing-shi,1164,923
hang-zhou-DC,bo-zhou-shi,703,540
hang-zhou-DC,chu-zhou-shi,369,332
hang-zhou-DC,fu-yang-shi,629,468
hang-zhou-DC,he-fei-shi,416,373
hang-zhou-DC,lu-an-shi,499,428
hang-zhou-DC,wu-hu-shi,283,283
hang-zhou-DC,su-zhou-shi,570,443
hang-zhou-DC,bei-jing-shi,1336,946
hang-zhou-DC,fu-zhou-shi,635,506
hang-zhou-DC,ning-de-shi,551,443
hang-zhou-DC,quan-zhou-shi,848,631
hang-zhou-DC,gang-kou-CDC-suo-zai-cheng-shi,877,673
hang-zhou-DC,zhang-zhou-shi,894,691
hang-zhou-DC,lan-zhou-shi,1946,1349
hang-zhou-DC,dong-guan-shi,1255,893
hang-zhou-DC,fo-shan-shi,1280,913
hang-zhou-DC,guang-zhou-shi,1246,896
hang-zhou-DC,hui-zhou-shi,1173,863
hang-zhou-DC,jiang-men-shi,1337,946
hang-zhou-DC,jie-yang-shi,1059,786
hang-zhou-DC,shan-tou-shi,1104,815
hang-zhou-DC,shen-zhen-shi,1270,901
hang-zhou-DC,zhan-jiang-shi,1663,1115
hang-zhou-DC,zhong-shan-shi,1322,942
hang-zhou-DC,zhu-hai-shi,1364,967
hang-zhou-DC,nan-ning-shi,1707,1125
hang-zhou-DC,gui-yang-shi,1674,1132
hang-zhou-DC,bao-ding-shi,1259,909
hang-zhou-DC,cang-zhou-shi,1162,852
hang-zhou-DC,cheng-de-shi,1491,1042
hang-zhou-DC,han-dan-shi,1061,804
hang-zhou-DC,nei-lu-CDC-suo-zai-cheng-shi,1279,921
hang-zhou-DC,shi-jia-zhuang-shi,1189,879
hang-zhou-DC,tang-shan-shi,1317,942
hang-zhou-DC,xing-tai-shi,1114,838
hang-zhou-DC,zhang-jia-kou-shi,1531,1074
hang-zhou-DC,luo-yang-shi,1039,768
hang-zhou-DC,nan-yang-shi,916,712
hang-zhou-DC,shang-qiu-shi,751,573
hang-zhou-DC,xin-xiang-shi,990,743
hang-zhou-DC,xin-yang-shi,735,588
hang-zhou-DC,zheng-zhou-shi,944,701
hang-zhou-DC,zhou-kou-shi,758,566
hang-zhou-DC,da-qing-shi,2433,1534
hang-zhou-DC,ha-er-bin-shi,2517,1599
hang-zhou-DC,wu-han-shi,751,596
hang-zhou-DC,xiang-yang-shi,1023,791
hang-zhou-DC,heng-yang-shi,1007,718
hang-zhou-DC,chang-sha-shi,900,647
hang-zhou-DC,ji-lin-shi,2249,1434
hang-zhou-DC,chang-chun-shi,2155,1379
hang-zhou-DC,chang-zhou-shi,281,248
hang-zhou-DC,huai-an-shi,480,379
hang-zhou-DC,lian-yun-gang-shi,586,452
hang-zhou-DC,nan-jing-shi,288,263
hang-zhou-DC,nan-tong-shi,269,241
hang-zhou-DC,su-zhou-shi,166,205
hang-zhou-DC,tai-zhou-shi,334,277
hang-zhou-DC,wu-xi-shi,231,237
hang-zhou-DC,su-qian-shi,535,422
hang-zhou-DC,xu-zhou-shi,619,488
hang-zhou-DC,yan-cheng-shi,430,338
hang-zhou-DC,yang-zhou-shi,306,260
hang-zhou-DC,zhen-jiang-shi,283,258
hang-zhou-DC,gan-zhou-shi,858,623
hang-zhou-DC,jiu-jiang-shi,518,379
hang-zhou-DC,nan-chang-shi,538,384
hang-zhou-DC,shang-rao-shi,334,259
hang-zhou-DC,an-shan-shi,1837,1217
hang-zhou-DC,da-lian-shi,2010,1303
hang-zhou-DC,shen-yang-shi,1862,1223
hang-zhou-DC,bao-tou-shi,1950,1303
hang-zhou-DC,hu-he-hao-te-shi,1772,1217
hang-zhou-DC,de-zhou-shi,1044,796
hang-zhou-DC,dong-ying-shi,953,705
hang-zhou-DC,he-ze-shi,845,654
hang-zhou-DC,ji-nan-shi,970,726
hang-zhou-DC,ji-ning-shi,792,616
hang-zhou-DC,liao-cheng-shi,934,711
hang-zhou-DC,lin-yi-shi,705,553
hang-zhou-DC,qing-dao-shi,843,629
hang-zhou-DC,ri-zhao-shi,704,520
hang-zhou-DC,tai-an-shi,901,692
hang-zhou-DC,wei-hai-shi,1089,811
hang-zhou-DC,wei-fang-shi,868,643
hang-zhou-DC,yan-tai-shi,1021,764
hang-zhou-DC,zi-bo-shi,927,688
hang-zhou-DC,lin-fen-shi,1288,938
hang-zhou-DC,tai-yuan-shi,1356,994
hang-zhou-DC,yun-cheng-shi,1216,901
hang-zhou-DC,xi-an-shi,1355,958
hang-zhou-DC,xian-yang-shi,1353,989
hang-zhou-DC,shang-hai-shi,178,208
hang-zhou-DC,cheng-du-shi,1892,1309
hang-zhou-DC,mian-yang-shi,1846,1293
hang-zhou-DC,tian-jin-shi,1202,862
hang-zhou-DC,kun-ming-shi,2183,1451
hang-zhou-DC,hang-zhou-shi,0,0
hang-zhou-DC,hu-zhou-shi,105,132
hang-zhou-DC,jia-xing-shi,91,118
hang-zhou-DC,jin-hua-shi,181,164
hang-zhou-DC,ning-bo-shi,168,180
hang-zhou-DC,shao-xing-shi,84,136
hang-zhou-DC,tai-zhou-shi,281,273
hang-zhou-DC,wen-zhou-shi,297,286
hang-zhou-DC,chong-qing-shi,1667,1190
wu-han-DC,bo-zhou-shi,503,414
wu-han-DC,chu-zhou-shi,527,422
wu-han-DC,fu-yang-shi,407,323
wu-han-DC,he-fei-shi,385,314
wu-han-DC,lu-an-shi,307,266
wu-han-DC,wu-hu-shi,517,417
wu-han-DC,su-zhou-shi,565,435
wu-han-DC,bei-jing-shi,1160,847
wu-han-DC,fu-zhou-shi,903,710
wu-han-DC,ning-de-shi,933,732
wu-han-DC,quan-zhou-shi,1023,810
wu-han-DC,gang-kou-CDC-suo-zai-cheng-shi,1037,783
wu-han-DC,zhang-zhou-shi,986,760
wu-han-DC,lan-zhou-shi,1398,1031
wu-han-DC,dong-guan-shi,1023,803
wu-han-DC,fo-shan-shi,1023,808
wu-han-DC,guang-zhou-shi,996,805
wu-han-DC,hui-zhou-shi,994,784
wu-han-DC,jiang-men-shi,1098,816
wu-han-DC,jie-yang-shi,1040,788
wu-han-DC,shan-tou-shi,1085,824
wu-han-DC,shen-zhen-shi,1055,762
wu-han-DC,zhan-jiang-shi,1323,953
wu-han-DC,zhong-shan-shi,1072,842
wu-han-DC,zhu-hai-shi,1114,877
wu-han-DC,nan-ning-shi,1192,877
wu-han-DC,gui-yang-shi,1041,835
wu-han-DC,bao-ding-shi,1023,758
wu-han-DC,cang-zhou-shi,1037,750
wu-han-DC,cheng-de-shi,1392,978
wu-han-DC,han-dan-shi,732,567
wu-han-DC,nei-lu-CDC-suo-zai-cheng-shi,1134,820
wu-han-DC,shi-jia-zhuang-shi,901,676
wu-han-DC,tang-shan-shi,1251,897
wu-han-DC,xing-tai-shi,791,604
wu-han-DC,zhang-jia-kou-shi,1291,945
wu-han-DC,luo-yang-shi,576,455
wu-han-DC,nan-yang-shi,397,316
wu-han-DC,shang-qiu-shi,519,396
wu-han-DC,xin-xiang-shi,575,466
wu-han-DC,xin-yang-shi,211,203
wu-han-DC,zheng-zhou-shi,511,401
wu-han-DC,zhou-kou-shi,401,310
wu-han-DC,da-qing-shi,2381,1488
wu-han-DC,ha-er-bin-shi,2464,1557
wu-han-DC,wu-han-shi,0,0
wu-han-DC,xiang-yang-shi,305,244
wu-han-DC,heng-yang-shi,511,396
wu-han-DC,chang-sha-shi,355,288
wu-han-DC,ji-lin-shi,2196,1390
wu-han-DC,chang-chun-shi,2103,1331
wu-han-DC,chang-zhou-shi,667,519
wu-han-DC,huai-an-shi,705,531
wu-han-DC,lian-yun-gang-shi,839,607
wu-han-DC,nan-jing-shi,535,440
wu-han-DC,nan-tong-shi,776,589
wu-han-DC,su-zhou-shi,752,586
wu-han-DC,tai-zhou-shi,678,517
wu-han-DC,wu-xi-shi,709,552
wu-han-DC,su-qian-shi,702,526
wu-han-DC,xu-zhou-shi,649,506
wu-han-DC,yan-cheng-shi,811,600
wu-han-DC,yang-zhou-shi,623,478
wu-han-DC,zhen-jiang-shi,631,501
wu-han-DC,gan-zhou-shi,656,516
wu-han-DC,jiu-jiang-shi,257,227
wu-han-DC,nan-chang-shi,362,304
wu-han-DC,shang-rao-shi,593,469
wu-han-DC,an-shan-shi,1785,1169
wu-han-DC,da-lian-shi,1958,1260
wu-han-DC,shen-yang-shi,1810,1177
wu-han-DC,bao-tou-shi,1674,1140
wu-han-DC,hu-he-hao-te-shi,1495,1067
wu-han-DC,de-zhou-shi,899,683
wu-han-DC,dong-ying-shi,1069,791
wu-han-DC,he-ze-shi,624,469
wu-han-DC,ji-nan-shi,855,649
wu-han-DC,ji-ning-shi,728,575
wu-han-DC,liao-cheng-shi,768,587
wu-han-DC,lin-yi-shi,837,666
wu-han-DC,qing-dao-shi,1074,795
wu-han-DC,ri-zhao-shi,935,690
wu-han-DC,tai-an-shi,823,612
wu-han-DC,wei-hai-shi,1320,928
wu-han-DC,wei-fang-shi,1046,790
wu-han-DC,yan-tai-shi,1252,897
wu-han-DC,zi-bo-shi,957,709
wu-han-DC,lin-fen-shi,827,659
wu-han-DC,tai-yuan-shi,940,751
wu-han-DC,yun-cheng-shi,734,594
wu-han-DC,xi-an-shi,784,598
wu-han-DC,xian-yang-shi,806,621
wu-han-DC,shang-hai-shi,838,646
wu-han-DC,cheng-du-shi,1162,864
wu-han-DC,mian-yang-shi,1117,833
wu-han-DC,tian-jin-shi,1136,824
wu-han-DC,kun-ming-shi,1570,1155
wu-han-DC,hang-zhou-shi,760,596
wu-han-DC,hu-zhou-shi,697,521
wu-han-DC,jia-xing-shi,779,579
wu-han-DC,jin-hua-shi,687,538
wu-han-DC,ning-bo-shi,929,682
wu-han-DC,shao-xing-shi,827,638
wu-han-DC,tai-zhou-shi,910,721
wu-han-DC,wen-zhou-shi,884,680
wu-han-DC,chong-qing-shi,937,716
da-lian-DC,bo-zhou-shi,1496,1103
da-lian-DC,chu-zhou-shi,1706,1223
da-lian-DC,fu-yang-shi,1596,1151
da-lian-DC,he-fei-shi,1765,1232
da-lian-DC,lu-an-shi,1749,1232
da-lian-DC,wu-hu-shi,1847,1283
da-lian-DC,su-zhou-shi,1537,1114
da-lian-DC,bei-jing-shi,842,703
da-lian-DC,fu-zhou-shi,2628,1748
da-lian-DC,ning-de-shi,2517,1689
da-lian-DC,quan-zhou-shi,2796,1838
da-lian-DC,gang-kou-CDC-suo-zai-cheng-shi,2796,1842
da-lian-DC,zhang-zhou-shi,2777,1829
da-lian-DC,lan-zhou-shi,2252,1548
da-lian-DC,dong-guan-shi,2955,1875
da-lian-DC,fo-shan-shi,2980,1894
da-lian-DC,guang-zhou-shi,2944,1855
da-lian-DC,hui-zhou-shi,2883,1833
da-lian-DC,jiang-men-shi,3030,1908
da-lian-DC,jie-yang-shi,2831,1851
da-lian-DC,shan-tou-shi,2876,1888
da-lian-DC,shen-zhen-shi,2971,1884
da-lian-DC,zhan-jiang-shi,3255,2030
da-lian-DC,zhong-shan-shi,3022,1917
da-lian-DC,zhu-hai-shi,3064,1948
da-lian-DC,nan-ning-shi,3124,1956
da-lian-DC,gui-yang-shi,2877,1847
da-lian-DC,bao-ding-shi,976,790
da-lian-DC,cang-zhou-shi,926,765
da-lian-DC,cheng-de-shi,748,578
da-lian-DC,han-dan-shi,1271,942
da-lian-DC,nei-lu-CDC-suo-zai-cheng-shi,853,702
da-lian-DC,shi-jia-zhuang-shi,1110,866
da-lian-DC,tang-shan-shi,706,576
da-lian-DC,xing-tai-shi,1219,918
da-lian-DC,zhang-jia-kou-shi,1045,852
da-lian-DC,luo-yang-shi,1610,1105
da-lian-DC,nan-yang-shi,1735,1194
da-lian-DC,shang-qiu-shi,1419,1070
da-lian-DC,xin-xiang-shi,1431,1035
da-lian-DC,xin-yang-shi,1782,1213
da-lian-DC,zheng-zhou-shi,1522,1076
da-lian-DC,zhou-kou-shi,1587,1094
da-lian-DC,da-qing-shi,990,741
da-lian-DC,ha-er-bin-shi,1056,800
da-lian-DC,wu-han-shi,1955,1311
da-lian-DC,xiang-yang-shi,1860,1267
da-lian-DC,heng-yang-shi,2441,1591
da-lian-DC,chang-sha-shi,2285,1506
da-lian-DC,ji-lin-shi,788,569
da-lian-DC,chang-chun-shi,693,488
da-lian-DC,chang-zhou-shi,1762,1261
da-lian-DC,huai-an-shi,1546,1133
da-lian-DC,lian-yun-gang-shi,1417,1053
da-lian-DC,nan-jing-shi,1735,1234
da-lian-DC,nan-tong-shi,1765,1240
da-lian-DC,su-zhou-shi,1886,1312
da-lian-DC,tai-zhou-shi,1684,1217
da-lian-DC,wu-xi-shi,1784,1286
da-lian-DC,su-qian-shi,1453,1093
da-lian-DC,xu-zhou-shi,1440,1066
da-lian-DC,yan-cheng-shi,1602,1142
da-lian-DC,yang-zhou-shi,1676,1215
da-lian-DC,zhen-jiang-shi,1704,1238
da-lian-DC,gan-zhou-shi,2548,1654
da-lian-DC,jiu-jiang-shi,2046,1413
da-lian-DC,nan-chang-shi,2151,1476
da-lian-DC,shang-rao-shi,2294,1556
da-lian-DC,an-shan-shi,296,242
da-lian-DC,da-lian-shi,0,0
da-lian-DC,shen-yang-shi,381,280
da-lian-DC,bao-tou-shi,1506,1078
da-lian-DC,hu-he-hao-te-shi,1338,1022
da-lian-DC,de-zhou-shi,1030,847
da-lian-DC,dong-ying-shi,1078,878
da-lian-DC,he-ze-shi,1340,1021
da-lian-DC,ji-nan-shi,1142,904
da-lian-DC,ji-ning-shi,1323,1002
da-lian-DC,liao-cheng-shi,1185,939
da-lian-DC,lin-yi-shi,1322,1029
da-lian-DC,qing-dao-shi,410,787
da-lian-DC,ri-zhao-shi,1349,1017
da-lian-DC,tai-an-shi,1213,945
da-lian-DC,wei-hai-shi,253,687
da-lian-DC,wei-fang-shi,1188,932
da-lian-DC,yan-tai-shi,178,611
da-lian-DC,zi-bo-shi,1099,888
da-lian-DC,lin-fen-shi,1554,1130
da-lian-DC,tai-yuan-shi,1307,990
da-lian-DC,yun-cheng-shi,1688,1205
da-lian-DC,xi-an-shi,1894,1317
da-lian-DC,xian-yang-shi,1917,1328
da-lian-DC,shang-hai-shi,1885,1314
da-lian-DC,cheng-du-shi,2664,1771
da-lian-DC,mian-yang-shi,2494,1711
da-lian-DC,tian-jin-shi,824,667
da-lian-DC,kun-ming-shi,3406,2174
da-lian-DC,hang-zhou-shi,2008,1380
da-lian-DC,hu-zhou-shi,1882,1329
da-lian-DC,jia-xing-shi,1919,1310
da-lian-DC,jin-hua-shi,2157,1464
da-lian-DC,ning-bo-shi,2058,1396
da-lian-DC,shao-xing-shi,2037,1394
da-lian-DC,tai-zhou-shi,2205,1499
da-lian-DC,wen-zhou-shi,2283,1545
da-lian-DC,chong-qing-shi,2575,1743
ha-er-bin-DC,bo-zhou-shi,1898,1285
ha-er-bin-DC,chu-zhou-shi,2108,1392
ha-er-bin-DC,fu-yang-shi,1998,1321
ha-er-bin-DC,he-fei-shi,2167,1411
ha-er-bin-DC,lu-an-shi,2151,1408
ha-er-bin-DC,wu-hu-shi,2249,1466
ha-er-bin-DC,su-zhou-shi,1939,1293
ha-er-bin-DC,bei-jing-shi,1244,913
ha-er-bin-DC,fu-zhou-shi,3030,1911
ha-er-bin-DC,ning-de-shi,2919,1859
ha-er-bin-DC,quan-zhou-shi,3198,2009
ha-er-bin-DC,gang-kou-CDC-suo-zai-cheng-shi,3198,2022
ha-er-bin-DC,zhang-zhou-shi,3179,1996
ha-er-bin-DC,lan-zhou-shi,2654,1734
ha-er-bin-DC,dong-guan-shi,3356,2065
ha-er-bin-DC,fo-shan-shi,3382,2077
ha-er-bin-DC,guang-zhou-shi,3348,2062
ha-er-bin-DC,hui-zhou-shi,3287,2030
ha-er-bin-DC,jiang-men-shi,3432,2100
ha-er-bin-DC,jie-yang-shi,3233,2028
ha-er-bin-DC,shan-tou-shi,3278,2050
ha-er-bin-DC,shen-zhen-shi,3373,2069
ha-er-bin-DC,zhan-jiang-shi,3657,2222
ha-er-bin-DC,zhong-shan-shi,3424,2107
ha-er-bin-DC,zhu-hai-shi,3466,2130
ha-er-bin-DC,nan-ning-shi,3526,2147
ha-er-bin-DC,gui-yang-shi,3281,2057
ha-er-bin-DC,bao-ding-shi,1378,982
ha-er-bin-DC,cang-zhou-shi,1328,951
ha-er-bin-DC,cheng-de-shi,1067,800
ha-er-bin-DC,han-dan-shi,1673,1132
ha-er-bin-DC,nei-lu-CDC-suo-zai-cheng-shi,1255,914
ha-er-bin-DC,shi-jia-zhuang-shi,1512,1052
ha-er-bin-DC,tang-shan-shi,1110,845
ha-er-bin-DC,xing-tai-shi,1621,1102
ha-er-bin-DC,zhang-jia-kou-shi,1396,991
ha-er-bin-DC,luo-yang-shi,2013,1311
ha-er-bin-DC,nan-yang-shi,2137,1381
ha-er-bin-DC,shang-qiu-shi,1821,1241
ha-er-bin-DC,xin-xiang-shi,1833,1218
ha-er-bin-DC,xin-yang-shi,2184,1397
ha-er-bin-DC,zheng-zhou-shi,1924,1264
ha-er-bin-DC,zhou-kou-shi,1991,1301
ha-er-bin-DC,da-qing-shi,158,135
ha-er-bin-DC,ha-er-bin-shi,0,0
ha-er-bin-DC,wu-han-shi,2357,1497
ha-er-bin-DC,xiang-yang-shi,2262,1448
ha-er-bin-DC,heng-yang-shi,2843,1776
ha-er-bin-DC,chang-sha-shi,2687,1689
ha-er-bin-DC,ji-lin-shi,285,268
ha-er-bin-DC,chang-chun-shi,281,220
ha-er-bin-DC,chang-zhou-shi,2164,1427
ha-er-bin-DC,huai-an-shi,1948,1295
ha-er-bin-DC,lian-yun-gang-shi,1819,1218
ha-er-bin-DC,nan-jing-shi,2137,1405
ha-er-bin-DC,nan-tong-shi,2167,1404
ha-er-bin-DC,su-zhou-shi,2288,1481
ha-er-bin-DC,tai-zhou-shi,2086,1379
ha-er-bin-DC,wu-xi-shi,2186,1450
ha-er-bin-DC,su-qian-shi,1855,1261
ha-er-bin-DC,xu-zhou-shi,1842,1248
ha-er-bin-DC,yan-cheng-shi,2004,1323
ha-er-bin-DC,yang-zhou-shi,2078,1379
ha-er-bin-DC,zhen-jiang-shi,2106,1395
ha-er-bin-DC,gan-zhou-shi,2950,1840
ha-er-bin-DC,jiu-jiang-shi,2448,1591
ha-er-bin-DC,nan-chang-shi,2553,1650
ha-er-bin-DC,shang-rao-shi,2696,1724
ha-er-bin-DC,an-shan-shi,668,500
ha-er-bin-DC,da-lian-shi,951,706
ha-er-bin-DC,shen-yang-shi,581,428
ha-er-bin-DC,bao-tou-shi,1859,1236
ha-er-bin-DC,hu-he-hao-te-shi,1689,1162
ha-er-bin-DC,de-zhou-shi,1432,1021
ha-er-bin-DC,dong-ying-shi,1480,1042
ha-er-bin-DC,he-ze-shi,1742,1188
ha-er-bin-DC,ji-nan-shi,1544,1076
ha-er-bin-DC,ji-ning-shi,1727,1186
ha-er-bin-DC,liao-cheng-shi,1587,1119
ha-er-bin-DC,lin-yi-shi,1724,1198
ha-er-bin-DC,qing-dao-shi,1736,1187
ha-er-bin-DC,ri-zhao-shi,1751,1186
ha-er-bin-DC,tai-an-shi,1615,1118
ha-er-bin-DC,wei-hai-shi,1869,1246
ha-er-bin-DC,wei-fang-shi,1590,1099
ha-er-bin-DC,yan-tai-shi,1801,1214
ha-er-bin-DC,zi-bo-shi,1501,1051
ha-er-bin-DC,lin-fen-shi,1956,1319
ha-er-bin-DC,tai-yuan-shi,1709,1171
ha-er-bin-DC,yun-cheng-shi,2090,1393
ha-er-bin-DC,xi-an-shi,2296,1506
ha-er-bin-DC,xian-yang-shi,2319,1517
ha-er-bin-DC,shang-hai-shi,2287,1478
ha-er-bin-DC,cheng-du-shi,3066,1956
ha-er-bin-DC,mian-yang-shi,2896,1893
ha-er-bin-DC,tian-jin-shi,1228,905
ha-er-bin-DC,kun-ming-shi,3810,2379
ha-er-bin-DC,hang-zhou-shi,2410,1549
ha-er-bin-DC,hu-zhou-shi,2284,1491
ha-er-bin-DC,jia-xing-shi,2323,1495
ha-er-bin-DC,jin-hua-shi,2560,1628
ha-er-bin-DC,ning-bo-shi,2461,1573
ha-er-bin-DC,shao-xing-shi,2439,1565
ha-er-bin-DC,tai-zhou-shi,2607,1674
ha-er-bin-DC,wen-zhou-shi,2685,1710
ha-er-bin-DC,chong-qing-shi,2977,1929
bei-jing-DC,bo-zhou-shi,757,594
bei-jing-DC,chu-zhou-shi,979,753
bei-jing-DC,fu-yang-shi,857,660
bei-jing-DC,he-fei-shi,1039,770
bei-jing-DC,lu-an-shi,1010,743
bei-jing-DC,wu-hu-shi,1121,834
bei-jing-DC,su-zhou-shi,810,630
bei-jing-DC,bei-jing-shi,0,0
bei-jing-DC,fu-zhou-shi,1871,1277
bei-jing-DC,ning-de-shi,1836,1295
bei-jing-DC,quan-zhou-shi,2039,1367
bei-jing-DC,gang-kou-CDC-suo-zai-cheng-shi,2039,1378
bei-jing-DC,zhang-zhou-shi,2020,1356
bei-jing-DC,lan-zhou-shi,1435,1078
bei-jing-DC,dong-guan-shi,2153,1407
bei-jing-DC,fo-shan-shi,2178,1422
bei-jing-DC,guang-zhou-shi,2144,1408
bei-jing-DC,hui-zhou-shi,2083,1389
bei-jing-DC,jiang-men-shi,2228,1452
bei-jing-DC,jie-yang-shi,2074,1401
bei-jing-DC,shan-tou-shi,2119,1413
bei-jing-DC,shen-zhen-shi,2169,1427
bei-jing-DC,zhan-jiang-shi,2453,1579
bei-jing-DC,zhong-shan-shi,2220,1450
bei-jing-DC,zhu-hai-shi,2262,1478
bei-jing-DC,nan-ning-shi,2322,1494
bei-jing-DC,gui-yang-shi,2077,1396
bei-jing-DC,bao-ding-shi,159,167
bei-jing-DC,cang-zhou-shi,200,168
bei-jing-DC,cheng-de-shi,228,201
bei-jing-DC,han-dan-shi,454,334
bei-jing-DC,nei-lu-CDC-suo-zai-cheng-shi,66,86
bei-jing-DC,shi-jia-zhuang-shi,343,260
bei-jing-DC,tang-shan-shi,180,179
bei-jing-DC,xing-tai-shi,401,294
bei-jing-DC,zhang-jia-kou-shi,199,187
bei-jing-DC,luo-yang-shi,794,603
bei-jing-DC,nan-yang-shi,933,693
bei-jing-DC,shang-qiu-shi,680,509
bei-jing-DC,xin-xiang-shi,614,459
bei-jing-DC,xin-yang-shi,980,722
bei-jing-DC,zheng-zhou-shi,705,514
bei-jing-DC,zhou-kou-shi,786,578
bei-jing-DC,da-qing-shi,1242,882
bei-jing-DC,ha-er-bin-shi,1269,961
bei-jing-DC,wu-han-shi,1153,850
bei-jing-DC,xiang-yang-shi,1058,802
bei-jing-DC,heng-yang-shi,1638,1135
bei-jing-DC,chang-sha-shi,1482,1047
bei-jing-DC,ji-lin-shi,1083,835
bei-jing-DC,chang-chun-shi,989,764
bei-jing-DC,chang-zhou-shi,1081,847
bei-jing-DC,huai-an-shi,887,672
bei-jing-DC,lian-yun-gang-shi,736,611
bei-jing-DC,nan-jing-shi,1027,772
bei-jing-DC,nan-tong-shi,1084,842
bei-jing-DC,su-zhou-shi,1205,904
bei-jing-DC,tai-zhou-shi,1003,797
bei-jing-DC,wu-xi-shi,1103,850
bei-jing-DC,su-qian-shi,811,609
bei-jing-DC,xu-zhou-shi,714,558
bei-jing-DC,yan-cheng-shi,921,721
bei-jing-DC,yang-zhou-shi,1029,771
bei-jing-DC,zhen-jiang-shi,1062,805
bei-jing-DC,gan-zhou-shi,1746,1171
bei-jing-DC,jiu-jiang-shi,1326,951
bei-jing-DC,nan-chang-shi,1431,1021
bei-jing-DC,shang-rao-shi,1528,1072
bei-jing-DC,an-shan-shi,671,532
bei-jing-DC,da-lian-shi,841,660
bei-jing-DC,shen-yang-shi,696,541
bei-jing-DC,bao-tou-shi,662,491
bei-jing-DC,hu-he-hao-te-shi,491,384
bei-jing-DC,de-zhou-shi,342,261
bei-jing-DC,dong-ying-shi,397,350
bei-jing-DC,he-ze-shi,601,445
bei-jing-DC,ji-nan-shi,416,314
bei-jing-DC,ji-ning-shi,598,478
bei-jing-DC,liao-cheng-shi,446,349
bei-jing-DC,lin-yi-shi,641,550
bei-jing-DC,qing-dao-shi,653,536
bei-jing-DC,ri-zhao-shi,668,524
bei-jing-DC,tai-an-shi,486,373
bei-jing-DC,wei-hai-shi,786,630
bei-jing-DC,wei-fang-shi,506,426
bei-jing-DC,yan-tai-shi,717,556
bei-jing-DC,zi-bo-shi,418,364
bei-jing-DC,lin-fen-shi,737,569
bei-jing-DC,tai-yuan-shi,489,387
bei-jing-DC,yun-cheng-shi,871,702
bei-jing-DC,xi-an-shi,1077,841
bei-jing-DC,xian-yang-shi,1099,829
bei-jing-DC,shang-hai-shi,1204,918
bei-jing-DC,cheng-du-shi,1847,1272
bei-jing-DC,mian-yang-shi,1676,1210
bei-jing-DC,tian-jin-shi,154,149
bei-jing-DC,kun-ming-shi,2606,1726
bei-jing-DC,hang-zhou-shi,1297,931
bei-jing-DC,hu-zhou-shi,1221,866
bei-jing-DC,jia-xing-shi,1240,924
bei-jing-DC,jin-hua-shi,1476,1043
bei-jing-DC,ning-bo-shi,1377,987
bei-jing-DC,shao-xing-shi,1356,979
bei-jing-DC,tai-zhou-shi,1524,1089
bei-jing-DC,wen-zhou-shi,1602,1126
bei-jing-DC,chong-qing-shi,1758,1259
ning-bo-DC,bo-zhou-shi,853,597
ning-bo-DC,chu-zhou-shi,519,385
ning-bo-DC,fu-yang-shi,778,525
ning-bo-DC,he-fei-shi,576,435
ning-bo-DC,lu-an-shi,667,494
ning-bo-DC,wu-hu-shi,442,341
ning-bo-DC,su-zhou-shi,720,500
ning-bo-DC,bei-jing-shi,1383,951
ning-bo-DC,fu-zhou-shi,571,439
ning-bo-DC,ning-de-shi,487,375
ning-bo-DC,quan-zhou-shi,739,547
ning-bo-DC,gang-kou-CDC-suo-zai-cheng-shi,822,610
ning-bo-DC,zhang-zhou-shi,852,635
ning-bo-DC,lan-zhou-shi,2114,1400
ning-bo-DC,dong-guan-shi,1356,941
ning-bo-DC,fo-shan-shi,1381,960
ning-bo-DC,guang-zhou-shi,1347,943
ning-bo-DC,hui-zhou-shi,1274,908
ning-bo-DC,jiang-men-shi,1438,991
ning-bo-DC,jie-yang-shi,1063,800
ning-bo-DC,shan-tou-shi,1049,778
ning-bo-DC,shen-zhen-shi,1372,947
ning-bo-DC,zhan-jiang-shi,1764,1159
ning-bo-DC,zhong-shan-shi,1423,989
ning-bo-DC,zhu-hai-shi,1465,1013
ning-bo-DC,nan-ning-shi,1808,1169
ning-bo-DC,gui-yang-shi,1776,1179
ning-bo-DC,bao-ding-shi,1358,934
ning-bo-DC,cang-zhou-shi,1209,854
ning-bo-DC,cheng-de-shi,1539,1044
ning-bo-DC,han-dan-shi,1200,844
ning-bo-DC,nei-lu-CDC-suo-zai-cheng-shi,1327,922
ning-bo-DC,shi-jia-zhuang-shi,1327,927
ning-bo-DC,tang-shan-shi,1365,941
ning-bo-DC,xing-tai-shi,1253,885
ning-bo-DC,zhang-jia-kou-shi,1579,1079
ning-bo-DC,luo-yang-shi,1188,827
ning-bo-DC,nan-yang-shi,1084,786
ning-bo-DC,shang-qiu-shi,908,643
ning-bo-DC,xin-xiang-shi,1147,807
ning-bo-DC,xin-yang-shi,903,652
ning-bo-DC,zheng-zhou-shi,1100,774
ning-bo-DC,zhou-kou-shi,908,624
ning-bo-DC,da-qing-shi,2481,1535
ning-bo-DC,ha-er-bin-shi,2564,1600
ning-bo-DC,wu-han-shi,911,667
ning-bo-DC,xiang-yang-shi,1191,837
ning-bo-DC,heng-yang-shi,1109,779
ning-bo-DC,chang-sha-shi,1019,723
ning-bo-DC,ji-lin-shi,2296,1442
ning-bo-DC,chang-chun-shi,2203,1383
ning-bo-DC,chang-zhou-shi,329,254
ning-bo-DC,huai-an-shi,571,415
ning-bo-DC,lian-yun-gang-shi,654,459
ning-bo-DC,nan-jing-shi,449,318
ning-bo-DC,nan-tong-shi,316,246
ning-bo-DC,su-zhou-shi,233,200
ning-bo-DC,tai-zhou-shi,393,282
ning-bo-DC,wu-xi-shi,293,240
ning-bo-DC,su-qian-shi,654,463
ning-bo-DC,xu-zhou-shi,758,540
ning-bo-DC,yan-cheng-shi,488,344
ning-bo-DC,yang-zhou-shi,432,308
ning-bo-DC,zhen-jiang-shi,409,300
ning-bo-DC,gan-zhou-shi,959,687
ning-bo-DC,jiu-jiang-shi,649,461
ning-bo-DC,nan-chang-shi,669,471
ning-bo-DC,shang-rao-shi,435,321
ning-bo-DC,an-shan-shi,1885,1221
ning-bo-DC,da-lian-shi,2055,1313
ning-bo-DC,shen-yang-shi,1910,1228
ning-bo-DC,bao-tou-shi,2042,1325
ning-bo-DC,hu-he-hao-te-shi,1872,1247
ning-bo-DC,de-zhou-shi,1154,832
ning-bo-DC,dong-ying-shi,1001,710
ning-bo-DC,he-ze-shi,1002,720
ning-bo-DC,ji-nan-shi,1018,735
ning-bo-DC,ji-ning-shi,931,670
ning-bo-DC,liao-cheng-shi,1072,764
ning-bo-DC,lin-yi-shi,753,559
ning-bo-DC,qing-dao-shi,891,637
ning-bo-DC,ri-zhao-shi,752,527
ning-bo-DC,tai-an-shi,949,695
ning-bo-DC,wei-hai-shi,1137,818
ning-bo-DC,wei-fang-shi,915,649
ning-bo-DC,yan-tai-shi,1069,769
ning-bo-DC,zi-bo-shi,975,693
ning-bo-DC,lin-fen-shi,1444,989
ning-bo-DC,tai-yuan-shi,1512,1043
ning-bo-DC,yun-cheng-shi,1365,943
ning-bo-DC,xi-an-shi,1499,1018
ning-bo-DC,xian-yang-shi,1521,1029
ning-bo-DC,shang-hai-shi,226,223
ning-bo-DC,cheng-du-shi,2052,1361
ning-bo-DC,mian-yang-shi,2006,1346
ning-bo-DC,tian-jin-shi,1250,873
ning-bo-DC,kun-ming-shi,2284,1494
ning-bo-DC,hang-zhou-shi,168,155
ning-bo-DC,hu-zhou-shi,249,193
ning-bo-DC,jia-xing-shi,162,138
ning-bo-DC,jin-hua-shi,243,187
ning-bo-DC,ning-bo-shi,0,0
ning-bo-DC,shao-xing-shi,132,118
ning-bo-DC,tai-zhou-shi,184,154
ning-bo-DC,wen-zhou-shi,270,205
ning-bo-DC,chong-qing-shi,1826,1256
chong-qing-DC,bo-zhou-shi,1274,945
chong-qing-DC,chu-zhou-shi,1433,1020
chong-qing-DC,fu-yang-shi,1254,944
chong-qing-DC,he-fei-shi,1290,917
chong-qing-DC,lu-an-shi,1212,890
chong-qing-DC,wu-hu-shi,1422,1008
chong-qing-DC,su-zhou-shi,1395,1002
chong-qing-DC,bei-jing-shi,1783,1245
chong-qing-DC,fu-zhou-shi,1748,1218
chong-qing-DC,ning-de-shi,1779,1243
chong-qing-DC,quan-zhou-shi,1718,1200
chong-qing-DC,gang-kou-CDC-suo-zai-cheng-shi,1715,1187
chong-qing-DC,zhang-zhou-shi,1664,1160
chong-qing-DC,lan-zhou-shi,1080,848
chong-qing-DC,dong-guan-shi,1377,963
chong-qing-DC,fo-shan-shi,1298,931
chong-qing-DC,guang-zhou-shi,1300,936
chong-qing-DC,hui-zhou-shi,1431,1015
chong-qing-DC,jiang-men-shi,1335,938
chong-qing-DC,jie-yang-shi,1651,1113
chong-qing-DC,shan-tou-shi,1702,1136
chong-qing-DC,shen-zhen-shi,1437,998
chong-qing-DC,zhan-jiang-shi,1256,923
chong-qing-DC,zhong-shan-shi,1377,968
chong-qing-DC,zhu-hai-shi,1413,987
chong-qing-DC,nan-ning-shi,940,734
chong-qing-DC,gui-yang-shi,407,330
chong-qing-DC,bao-ding-shi,1623,1164
chong-qing-DC,cang-zhou-shi,1722,1187
chong-qing-DC,cheng-de-shi,2008,1386
chong-qing-DC,han-dan-shi,1348,1025
chong-qing-DC,nei-lu-CDC-suo-zai-cheng-shi,1765,1235
chong-qing-DC,shi-jia-zhuang-shi,1478,1099
chong-qing-DC,tang-shan-shi,1936,1310
chong-qing-DC,xing-tai-shi,1407,1053
chong-qing-DC,zhang-jia-kou-shi,1795,1274
chong-qing-DC,luo-yang-shi,1037,855
chong-qing-DC,nan-yang-shi,918,743
chong-qing-DC,shang-qiu-shi,1275,936
chong-qing-DC,xin-xiang-shi,1249,951
chong-qing-DC,xin-yang-shi,1077,812
chong-qing-DC,zheng-zhou-shi,1185,901
chong-qing-DC,zhou-kou-shi,1147,873
chong-qing-DC,da-qing-shi,3012,1903
chong-qing-DC,ha-er-bin-shi,3096,1967
chong-qing-DC,wu-han-shi,931,692
chong-qing-DC,xiang-yang-shi,852,643
chong-qing-DC,heng-yang-shi,932,724
chong-qing-DC,chang-sha-shi,894,707
chong-qing-DC,ji-lin-shi,2827,1805
chong-qing-DC,chang-chun-shi,2734,1746
chong-qing-DC,chang-zhou-shi,1573,1082
chong-qing-DC,huai-an-shi,1611,1110
chong-qing-DC,lian-yun-gang-shi,1626,1119
chong-qing-DC,nan-jing-shi,1440,1028
chong-qing-DC,nan-tong-shi,1681,1155
chong-qing-DC,su-zhou-shi,1657,1137
chong-qing-DC,tai-zhou-shi,1583,1097
chong-qing-DC,wu-xi-shi,1614,1111
chong-qing-DC,su-qian-shi,1535,1073
chong-qing-DC,xu-zhou-shi,1434,1023
chong-qing-DC,yan-cheng-shi,1736,1175
chong-qing-DC,yang-zhou-shi,1528,1065
chong-qing-DC,zhen-jiang-shi,1536,1075
chong-qing-DC,gan-zhou-shi,1336,970
chong-qing-DC,jiu-jiang-shi,1128,897
chong-qing-DC,nan-chang-shi,1217,956
chong-qing-DC,shang-rao-shi,1484,1064
chong-qing-DC,an-shan-shi,2416,1585
chong-qing-DC,da-lian-shi,2586,1677
chong-qing-DC,shen-yang-shi,2441,1592
chong-qing-DC,bao-tou-shi,1536,1125
chong-qing-DC,hu-he-hao-te-shi,1668,1194
chong-qing-DC,de-zhou-shi,1594,1130
chong-qing-DC,dong-ying-shi,1782,1235
chong-qing-DC,he-ze-shi,1309,969
chong-qing-DC,ji-nan-shi,1562,1116
chong-qing-DC,ji-ning-shi,1435,1058
chong-qing-DC,liao-cheng-shi,1464,1058
chong-qing-DC,lin-yi-shi,1623,1145
chong-qing-DC,qing-dao-shi,1862,1257
chong-qing-DC,ri-zhao-shi,1723,1170
chong-qing-DC,tai-an-shi,1530,1100
chong-qing-DC,wei-hai-shi,2108,1393
chong-qing-DC,wei-fang-shi,1753,1228
chong-qing-DC,yan-tai-shi,2040,1353
chong-qing-DC,zi-bo-shi,1664,1176
chong-qing-DC,lin-fen-shi,1038,821
chong-qing-DC,tai-yuan-shi,1308,985
chong-qing-DC,yun-cheng-shi,915,735
chong-qing-DC,xi-an-shi,714,586
chong-qing-DC,xian-yang-shi,716,584
chong-qing-DC,shang-hai-shi,1720,1220
chong-qing-DC,cheng-du-shi,309,234
chong-qing-DC,mian-yang-shi,344,273
chong-qing-DC,tian-jin-shi,1821,1239
chong-qing-DC,kun-ming-shi,858,673
chong-qing-DC,hang-zhou-shi,1641,1178
chong-qing-DC,hu-zhou-shi,1579,1131
chong-qing-DC,jia-xing-shi,1661,1178
chong-qing-DC,jin-hua-shi,1542,1138
chong-qing-DC,ning-bo-shi,1810,1260
chong-qing-DC,shao-xing-shi,1684,1232
chong-qing-DC,tai-zhou-shi,1765,1290
chong-qing-DC,wen-zhou-shi,1739,1255
chong-qing-DC,chong-qing-shi,0,0
